/root/Desktop/IMG/center_2018_07_19_18_16_15_109.jpg,/root/Desktop/IMG/left_2018_07_19_18_16_15_109.jpg,/root/Desktop/IMG/right_2018_07_19_18_16_15_109.jpg,0,0,0,6.703429E-07
/root/Desktop/IMG/center_2018_07_19_18_16_15_177.jpg,/root/Desktop/IMG/left_2018_07_19_18_16_15_177.jpg,/root/Desktop/IMG/right_2018_07_19_18_16_15_177.jpg,0,0,0,6.09589E-06
/root/Desktop/IMG/center_2018_07_19_18_16_15_248.jpg,/root/Desktop/IMG/left_2018_07_19_18_16_15_248.jpg,/root/Desktop/IMG/right_2018_07_19_18_16_15_248.jpg,0,0,0,6.49475E-06
/root/Desktop/IMG/center_2018_07_19_18_16_15_318.jpg,/root/Desktop/IMG/left_2018_07_19_18_16_15_318.jpg,/root/Desktop/IMG/right_2018_07_19_18_16_15_318.jpg,0,0,0,1.220874E-06
/root/Desktop/IMG/center_2018_07_19_18_16_15_386.jpg,/root/Desktop/IMG/left_2018_07_19_18_16_15_386.jpg,/root/Desktop/IMG/right_2018_07_19_18_16_15_386.jpg,0,0,0,3.503269E-06
/root/Desktop/IMG/center_2018_07_19_18_16_15_453.jpg,/root/Desktop/IMG/left_2018_07_19_18_16_15_453.jpg,/root/Desktop/IMG/right_2018_07_19_18_16_15_453.jpg,0,0,0,2.90508E-06
/root/Desktop/IMG/center_2018_07_19_18_16_15_522.jpg,/root/Desktop/IMG/left_2018_07_19_18_16_15_522.jpg,/root/Desktop/IMG/right_2018_07_19_18_16_15_522.jpg,0,0,0,1.975666E-06
/root/Desktop/IMG/center_2018_07_19_18_16_15_590.jpg,/root/Desktop/IMG/left_2018_07_19_18_16_15_590.jpg,/root/Desktop/IMG/right_2018_07_19_18_16_15_590.jpg,0,0,0,1.315372E-06
/root/Desktop/IMG/center_2018_07_19_18_16_15_662.jpg,/root/Desktop/IMG/left_2018_07_19_18_16_15_662.jpg,/root/Desktop/IMG/right_2018_07_19_18_16_15_662.jpg,0,0,0,4.168896E-07
/root/Desktop/IMG/center_2018_07_19_18_16_15_738.jpg,/root/Desktop/IMG/left_2018_07_19_18_16_15_738.jpg,/root/Desktop/IMG/right_2018_07_19_18_16_15_738.jpg,0,0,0,2.959907E-07
/root/Desktop/IMG/center_2018_07_19_18_16_15_805.jpg,/root/Desktop/IMG/left_2018_07_19_18_16_15_805.jpg,/root/Desktop/IMG/right_2018_07_19_18_16_15_805.jpg,0,0,0,1.108176E-06
/root/Desktop/IMG/center_2018_07_19_18_16_15_873.jpg,/root/Desktop/IMG/left_2018_07_19_18_16_15_873.jpg,/root/Desktop/IMG/right_2018_07_19_18_16_15_873.jpg,0,0,0,4.19245E-06
/root/Desktop/IMG/center_2018_07_19_18_16_15_947.jpg,/root/Desktop/IMG/left_2018_07_19_18_16_15_947.jpg,/root/Desktop/IMG/right_2018_07_19_18_16_15_947.jpg,0,0,0,2.164951E-06
/root/Desktop/IMG/center_2018_07_19_18_16_16_021.jpg,/root/Desktop/IMG/left_2018_07_19_18_16_16_021.jpg,/root/Desktop/IMG/right_2018_07_19_18_16_16_021.jpg,0,0,0,3.160305E-06
/root/Desktop/IMG/center_2018_07_19_18_16_16_096.jpg,/root/Desktop/IMG/left_2018_07_19_18_16_16_096.jpg,/root/Desktop/IMG/right_2018_07_19_18_16_16_096.jpg,0,0,0,6.418432E-06
/root/Desktop/IMG/center_2018_07_19_18_16_16_171.jpg,/root/Desktop/IMG/left_2018_07_19_18_16_16_171.jpg,/root/Desktop/IMG/right_2018_07_19_18_16_16_171.jpg,0,0,0,4.887689E-06
/root/Desktop/IMG/center_2018_07_19_18_16_16_245.jpg,/root/Desktop/IMG/left_2018_07_19_18_16_16_245.jpg,/root/Desktop/IMG/right_2018_07_19_18_16_16_245.jpg,0,0,0,5.951471E-06
/root/Desktop/IMG/center_2018_07_19_18_16_16_317.jpg,/root/Desktop/IMG/left_2018_07_19_18_16_16_317.jpg,/root/Desktop/IMG/right_2018_07_19_18_16_16_317.jpg,0,0,0,6.150839E-06
/root/Desktop/IMG/center_2018_07_19_18_16_16_389.jpg,/root/Desktop/IMG/left_2018_07_19_18_16_16_389.jpg,/root/Desktop/IMG/right_2018_07_19_18_16_16_389.jpg,0,0,0,5.885212E-06
/root/Desktop/IMG/center_2018_07_19_18_16_16_457.jpg,/root/Desktop/IMG/left_2018_07_19_18_16_16_457.jpg,/root/Desktop/IMG/right_2018_07_19_18_16_16_457.jpg,0,0,0,5.885631E-06
/root/Desktop/IMG/center_2018_07_19_18_16_16_530.jpg,/root/Desktop/IMG/left_2018_07_19_18_16_16_530.jpg,/root/Desktop/IMG/right_2018_07_19_18_16_16_530.jpg,0,0,0,5.952179E-06
/root/Desktop/IMG/center_2018_07_19_18_16_16_601.jpg,/root/Desktop/IMG/left_2018_07_19_18_16_16_601.jpg,/root/Desktop/IMG/right_2018_07_19_18_16_16_601.jpg,0,0,0,6.284596E-06
/root/Desktop/IMG/center_2018_07_19_18_16_16_669.jpg,/root/Desktop/IMG/left_2018_07_19_18_16_16_669.jpg,/root/Desktop/IMG/right_2018_07_19_18_16_16_669.jpg,0,0,0,6.085249E-06
/root/Desktop/IMG/center_2018_07_19_18_16_16_740.jpg,/root/Desktop/IMG/left_2018_07_19_18_16_16_740.jpg,/root/Desktop/IMG/right_2018_07_19_18_16_16_740.jpg,0,0,0,5.819747E-06
/root/Desktop/IMG/center_2018_07_19_18_16_16_810.jpg,/root/Desktop/IMG/left_2018_07_19_18_16_16_810.jpg,/root/Desktop/IMG/right_2018_07_19_18_16_16_810.jpg,0,0,0,6.018832E-06
/root/Desktop/IMG/center_2018_07_19_18_16_16_878.jpg,/root/Desktop/IMG/left_2018_07_19_18_16_16_878.jpg,/root/Desktop/IMG/right_2018_07_19_18_16_16_878.jpg,0,0,0,6.417442E-06
/root/Desktop/IMG/center_2018_07_19_18_16_16_951.jpg,/root/Desktop/IMG/left_2018_07_19_18_16_16_951.jpg,/root/Desktop/IMG/right_2018_07_19_18_16_16_951.jpg,0,0,0,5.885654E-06
/root/Desktop/IMG/center_2018_07_19_18_16_17_020.jpg,/root/Desktop/IMG/left_2018_07_19_18_16_17_020.jpg,/root/Desktop/IMG/right_2018_07_19_18_16_17_020.jpg,-0.04716982,0,0,4.289309E-06
/root/Desktop/IMG/center_2018_07_19_18_16_17_091.jpg,/root/Desktop/IMG/left_2018_07_19_18_16_17_091.jpg,/root/Desktop/IMG/right_2018_07_19_18_16_17_091.jpg,-0.1037736,0,0,3.689293E-06
/root/Desktop/IMG/center_2018_07_19_18_16_17_163.jpg,/root/Desktop/IMG/left_2018_07_19_18_16_17_163.jpg,/root/Desktop/IMG/right_2018_07_19_18_16_17_163.jpg,-0.2830189,0,0,2.886634E-06
/root/Desktop/IMG/center_2018_07_19_18_16_17_230.jpg,/root/Desktop/IMG/left_2018_07_19_18_16_17_230.jpg,/root/Desktop/IMG/right_2018_07_19_18_16_17_230.jpg,-0.4150943,0,0,1.890167E-06
/root/Desktop/IMG/center_2018_07_19_18_16_17_296.jpg,/root/Desktop/IMG/left_2018_07_19_18_16_17_296.jpg,/root/Desktop/IMG/right_2018_07_19_18_16_17_296.jpg,-0.4716981,0,0,7.822804E-07
/root/Desktop/IMG/center_2018_07_19_18_16_17_368.jpg,/root/Desktop/IMG/left_2018_07_19_18_16_17_368.jpg,/root/Desktop/IMG/right_2018_07_19_18_16_17_368.jpg,-0.5283019,0,0,4.636594E-07
/root/Desktop/IMG/center_2018_07_19_18_16_17_438.jpg,/root/Desktop/IMG/left_2018_07_19_18_16_17_438.jpg,/root/Desktop/IMG/right_2018_07_19_18_16_17_438.jpg,-0.5377358,0,0,9.565842E-07
/root/Desktop/IMG/center_2018_07_19_18_16_17_514.jpg,/root/Desktop/IMG/left_2018_07_19_18_16_17_514.jpg,/root/Desktop/IMG/right_2018_07_19_18_16_17_514.jpg,-0.5377358,0,0,1.871796E-06
/root/Desktop/IMG/center_2018_07_19_18_16_17_586.jpg,/root/Desktop/IMG/left_2018_07_19_18_16_17_586.jpg,/root/Desktop/IMG/right_2018_07_19_18_16_17_586.jpg,-0.5377358,0,0,2.466466E-06
/root/Desktop/IMG/center_2018_07_19_18_16_17_657.jpg,/root/Desktop/IMG/left_2018_07_19_18_16_17_657.jpg,/root/Desktop/IMG/right_2018_07_19_18_16_17_657.jpg,0,0,0,3.039875E-06
/root/Desktop/IMG/center_2018_07_19_18_16_17_725.jpg,/root/Desktop/IMG/left_2018_07_19_18_16_17_725.jpg,/root/Desktop/IMG/right_2018_07_19_18_16_17_725.jpg,0,0,0,3.637121E-06
/root/Desktop/IMG/center_2018_07_19_18_16_17_798.jpg,/root/Desktop/IMG/left_2018_07_19_18_16_17_798.jpg,/root/Desktop/IMG/right_2018_07_19_18_16_17_798.jpg,0,0,0,4.03566E-06
/root/Desktop/IMG/center_2018_07_19_18_16_17_870.jpg,/root/Desktop/IMG/left_2018_07_19_18_16_17_870.jpg,/root/Desktop/IMG/right_2018_07_19_18_16_17_870.jpg,0,0,0,4.766648E-06
/root/Desktop/IMG/center_2018_07_19_18_16_17_944.jpg,/root/Desktop/IMG/left_2018_07_19_18_16_17_944.jpg,/root/Desktop/IMG/right_2018_07_19_18_16_17_944.jpg,0,0,0,5.231608E-06
/root/Desktop/IMG/center_2018_07_19_18_16_18_015.jpg,/root/Desktop/IMG/left_2018_07_19_18_16_18_015.jpg,/root/Desktop/IMG/right_2018_07_19_18_16_18_015.jpg,0,0,0,5.630357E-06
/root/Desktop/IMG/center_2018_07_19_18_16_18_088.jpg,/root/Desktop/IMG/left_2018_07_19_18_16_18_088.jpg,/root/Desktop/IMG/right_2018_07_19_18_16_18_088.jpg,0,0,0,6.428272E-06
/root/Desktop/IMG/center_2018_07_19_18_16_18_158.jpg,/root/Desktop/IMG/left_2018_07_19_18_16_18_158.jpg,/root/Desktop/IMG/right_2018_07_19_18_16_18_158.jpg,0,0,0,1.846625E-06
/root/Desktop/IMG/center_2018_07_19_18_16_18_232.jpg,/root/Desktop/IMG/left_2018_07_19_18_16_18_232.jpg,/root/Desktop/IMG/right_2018_07_19_18_16_18_232.jpg,0,0,0,3.285611E-07
/root/Desktop/IMG/center_2018_07_19_18_16_18_300.jpg,/root/Desktop/IMG/left_2018_07_19_18_16_18_300.jpg,/root/Desktop/IMG/right_2018_07_19_18_16_18_300.jpg,0,0,0,3.170709E-06
/root/Desktop/IMG/center_2018_07_19_18_16_18_376.jpg,/root/Desktop/IMG/left_2018_07_19_18_16_18_376.jpg,/root/Desktop/IMG/right_2018_07_19_18_16_18_376.jpg,0,0,0,2.572523E-06
/root/Desktop/IMG/center_2018_07_19_18_16_18_443.jpg,/root/Desktop/IMG/left_2018_07_19_18_16_18_443.jpg,/root/Desktop/IMG/right_2018_07_19_18_16_18_443.jpg,0,0,0,1.513773E-06
/root/Desktop/IMG/center_2018_07_19_18_16_18_514.jpg,/root/Desktop/IMG/left_2018_07_19_18_16_18_514.jpg,/root/Desktop/IMG/right_2018_07_19_18_16_18_514.jpg,0,0,0,4.54794E-07
/root/Desktop/IMG/center_2018_07_19_18_16_18_587.jpg,/root/Desktop/IMG/left_2018_07_19_18_16_18_587.jpg,/root/Desktop/IMG/right_2018_07_19_18_16_18_587.jpg,0,0,0,8.544386E-06
/root/Desktop/IMG/center_2018_07_19_18_16_18_654.jpg,/root/Desktop/IMG/left_2018_07_19_18_16_18_654.jpg,/root/Desktop/IMG/right_2018_07_19_18_16_18_654.jpg,0,0,0,1.604161E-06
/root/Desktop/IMG/center_2018_07_19_18_16_18_722.jpg,/root/Desktop/IMG/left_2018_07_19_18_16_18_722.jpg,/root/Desktop/IMG/right_2018_07_19_18_16_18_722.jpg,0,0,0,1.311804E-06
/root/Desktop/IMG/center_2018_07_19_18_16_18_795.jpg,/root/Desktop/IMG/left_2018_07_19_18_16_18_795.jpg,/root/Desktop/IMG/right_2018_07_19_18_16_18_795.jpg,0,0,0,8.592257E-07
/root/Desktop/IMG/center_2018_07_19_18_16_18_862.jpg,/root/Desktop/IMG/left_2018_07_19_18_16_18_862.jpg,/root/Desktop/IMG/right_2018_07_19_18_16_18_862.jpg,0,0,0,5.39855E-07
/root/Desktop/IMG/center_2018_07_19_18_16_18_935.jpg,/root/Desktop/IMG/left_2018_07_19_18_16_18_935.jpg,/root/Desktop/IMG/right_2018_07_19_18_16_18_935.jpg,0,0,0,4.776552E-07
/root/Desktop/IMG/center_2018_07_19_18_16_19_007.jpg,/root/Desktop/IMG/left_2018_07_19_18_16_19_007.jpg,/root/Desktop/IMG/right_2018_07_19_18_16_19_007.jpg,0,0,0,2.361523E-06
/root/Desktop/IMG/center_2018_07_19_18_16_19_081.jpg,/root/Desktop/IMG/left_2018_07_19_18_16_19_081.jpg,/root/Desktop/IMG/right_2018_07_19_18_16_19_081.jpg,0,0,0,7.356731E-07
/root/Desktop/IMG/center_2018_07_19_18_16_19_154.jpg,/root/Desktop/IMG/left_2018_07_19_18_16_19_154.jpg,/root/Desktop/IMG/right_2018_07_19_18_16_19_154.jpg,0,0,0,5.444709E-07
/root/Desktop/IMG/center_2018_07_19_18_16_19_231.jpg,/root/Desktop/IMG/left_2018_07_19_18_16_19_231.jpg,/root/Desktop/IMG/right_2018_07_19_18_16_19_231.jpg,0,0,0,1.221727E-06
/root/Desktop/IMG/center_2018_07_19_18_16_19_306.jpg,/root/Desktop/IMG/left_2018_07_19_18_16_19_306.jpg,/root/Desktop/IMG/right_2018_07_19_18_16_19_306.jpg,0,0,0,1.914046E-06
/root/Desktop/IMG/center_2018_07_19_18_16_19_381.jpg,/root/Desktop/IMG/left_2018_07_19_18_16_19_381.jpg,/root/Desktop/IMG/right_2018_07_19_18_16_19_381.jpg,0,0,0,2.310041E-06
/root/Desktop/IMG/center_2018_07_19_18_16_19_449.jpg,/root/Desktop/IMG/left_2018_07_19_18_16_19_449.jpg,/root/Desktop/IMG/right_2018_07_19_18_16_19_449.jpg,0,0,0,2.774155E-06
/root/Desktop/IMG/center_2018_07_19_18_16_19_518.jpg,/root/Desktop/IMG/left_2018_07_19_18_16_19_518.jpg,/root/Desktop/IMG/right_2018_07_19_18_16_19_518.jpg,0,0,0,3.305007E-06
/root/Desktop/IMG/center_2018_07_19_18_16_19_588.jpg,/root/Desktop/IMG/left_2018_07_19_18_16_19_588.jpg,/root/Desktop/IMG/right_2018_07_19_18_16_19_588.jpg,0,0,0,4.102185E-06
/root/Desktop/IMG/center_2018_07_19_18_16_19_656.jpg,/root/Desktop/IMG/left_2018_07_19_18_16_19_656.jpg,/root/Desktop/IMG/right_2018_07_19_18_16_19_656.jpg,0,0,0,4.633806E-06
/root/Desktop/IMG/center_2018_07_19_18_16_19_723.jpg,/root/Desktop/IMG/left_2018_07_19_18_16_19_723.jpg,/root/Desktop/IMG/right_2018_07_19_18_16_19_723.jpg,-0.1226415,0,0,4.971811E-06
/root/Desktop/IMG/center_2018_07_19_18_16_19_795.jpg,/root/Desktop/IMG/left_2018_07_19_18_16_19_795.jpg,/root/Desktop/IMG/right_2018_07_19_18_16_19_795.jpg,-0.254717,0,0,5.310092E-06
/root/Desktop/IMG/center_2018_07_19_18_16_19_864.jpg,/root/Desktop/IMG/left_2018_07_19_18_16_19_864.jpg,/root/Desktop/IMG/right_2018_07_19_18_16_19_864.jpg,-0.3301887,0,0,6.044159E-06
/root/Desktop/IMG/center_2018_07_19_18_16_19_935.jpg,/root/Desktop/IMG/left_2018_07_19_18_16_19_935.jpg,/root/Desktop/IMG/right_2018_07_19_18_16_19_935.jpg,-0.4245283,0,0,6.645839E-06
/root/Desktop/IMG/center_2018_07_19_18_16_20_007.jpg,/root/Desktop/IMG/left_2018_07_19_18_16_20_007.jpg,/root/Desktop/IMG/right_2018_07_19_18_16_20_007.jpg,-0.4905661,0,0,5.570101E-07
/root/Desktop/IMG/center_2018_07_19_18_16_20_077.jpg,/root/Desktop/IMG/left_2018_07_19_18_16_20_077.jpg,/root/Desktop/IMG/right_2018_07_19_18_16_20_077.jpg,-0.4905661,0,0,2.926609E-06
/root/Desktop/IMG/center_2018_07_19_18_16_20_153.jpg,/root/Desktop/IMG/left_2018_07_19_18_16_20_153.jpg,/root/Desktop/IMG/right_2018_07_19_18_16_20_153.jpg,0,0,0,1.909335E-06
/root/Desktop/IMG/center_2018_07_19_18_16_20_227.jpg,/root/Desktop/IMG/left_2018_07_19_18_16_20_227.jpg,/root/Desktop/IMG/right_2018_07_19_18_16_20_227.jpg,0,0,0,5.362771E-07
/root/Desktop/IMG/center_2018_07_19_18_16_20_296.jpg,/root/Desktop/IMG/left_2018_07_19_18_16_20_296.jpg,/root/Desktop/IMG/right_2018_07_19_18_16_20_296.jpg,0,0,0,5.898216E-07
/root/Desktop/IMG/center_2018_07_19_18_16_20_371.jpg,/root/Desktop/IMG/left_2018_07_19_18_16_20_371.jpg,/root/Desktop/IMG/right_2018_07_19_18_16_20_371.jpg,0,0,0,1.503392E-06
/root/Desktop/IMG/center_2018_07_19_18_16_20_448.jpg,/root/Desktop/IMG/left_2018_07_19_18_16_20_448.jpg,/root/Desktop/IMG/right_2018_07_19_18_16_20_448.jpg,0,0,0,2.76204E-06
/root/Desktop/IMG/center_2018_07_19_18_16_20_516.jpg,/root/Desktop/IMG/left_2018_07_19_18_16_20_516.jpg,/root/Desktop/IMG/right_2018_07_19_18_16_20_516.jpg,0,0,0,3.758245E-06
/root/Desktop/IMG/center_2018_07_19_18_16_20_590.jpg,/root/Desktop/IMG/left_2018_07_19_18_16_20_590.jpg,/root/Desktop/IMG/right_2018_07_19_18_16_20_590.jpg,0,0,0,5.087082E-06
/root/Desktop/IMG/center_2018_07_19_18_16_20_663.jpg,/root/Desktop/IMG/left_2018_07_19_18_16_20_663.jpg,/root/Desktop/IMG/right_2018_07_19_18_16_20_663.jpg,0,0,0,5.818711E-06
/root/Desktop/IMG/center_2018_07_19_18_16_20_730.jpg,/root/Desktop/IMG/left_2018_07_19_18_16_20_730.jpg,/root/Desktop/IMG/right_2018_07_19_18_16_20_730.jpg,0,0,0,5.818794E-06
/root/Desktop/IMG/center_2018_07_19_18_16_20_799.jpg,/root/Desktop/IMG/left_2018_07_19_18_16_20_799.jpg,/root/Desktop/IMG/right_2018_07_19_18_16_20_799.jpg,-0.009433962,0,0,5.818672E-06
/root/Desktop/IMG/center_2018_07_19_18_16_20_871.jpg,/root/Desktop/IMG/left_2018_07_19_18_16_20_871.jpg,/root/Desktop/IMG/right_2018_07_19_18_16_20_871.jpg,-0.1037736,0,0,5.814934E-06
/root/Desktop/IMG/center_2018_07_19_18_16_20_945.jpg,/root/Desktop/IMG/left_2018_07_19_18_16_20_945.jpg,/root/Desktop/IMG/right_2018_07_19_18_16_20_945.jpg,-0.1981132,0,0,5.147041E-06
/root/Desktop/IMG/center_2018_07_19_18_16_21_016.jpg,/root/Desktop/IMG/left_2018_07_19_18_16_21_016.jpg,/root/Desktop/IMG/right_2018_07_19_18_16_21_016.jpg,-0.2169811,0,0,4.017471E-06
/root/Desktop/IMG/center_2018_07_19_18_16_21_089.jpg,/root/Desktop/IMG/left_2018_07_19_18_16_21_089.jpg,/root/Desktop/IMG/right_2018_07_19_18_16_21_089.jpg,-0.245283,0,0,3.020323E-06
/root/Desktop/IMG/center_2018_07_19_18_16_21_163.jpg,/root/Desktop/IMG/left_2018_07_19_18_16_21_163.jpg,/root/Desktop/IMG/right_2018_07_19_18_16_21_163.jpg,-0.245283,0,0,2.224212E-06
/root/Desktop/IMG/center_2018_07_19_18_16_21_236.jpg,/root/Desktop/IMG/left_2018_07_19_18_16_21_236.jpg,/root/Desktop/IMG/right_2018_07_19_18_16_21_236.jpg,-0.245283,0,0,1.760431E-06
/root/Desktop/IMG/center_2018_07_19_18_16_21_313.jpg,/root/Desktop/IMG/left_2018_07_19_18_16_21_313.jpg,/root/Desktop/IMG/right_2018_07_19_18_16_21_313.jpg,0,0,0,1.043773E-06
/root/Desktop/IMG/center_2018_07_19_18_16_21_381.jpg,/root/Desktop/IMG/left_2018_07_19_18_16_21_381.jpg,/root/Desktop/IMG/right_2018_07_19_18_16_21_381.jpg,0,0,0,3.03092E-07
/root/Desktop/IMG/center_2018_07_19_18_16_21_455.jpg,/root/Desktop/IMG/left_2018_07_19_18_16_21_455.jpg,/root/Desktop/IMG/right_2018_07_19_18_16_21_455.jpg,0,0,0,6.687251E-07
/root/Desktop/IMG/center_2018_07_19_18_16_21_525.jpg,/root/Desktop/IMG/left_2018_07_19_18_16_21_525.jpg,/root/Desktop/IMG/right_2018_07_19_18_16_21_525.jpg,0,0,0,1.317684E-06
/root/Desktop/IMG/center_2018_07_19_18_16_21_601.jpg,/root/Desktop/IMG/left_2018_07_19_18_16_21_601.jpg,/root/Desktop/IMG/right_2018_07_19_18_16_21_601.jpg,0,0,0,2.110006E-06
/root/Desktop/IMG/center_2018_07_19_18_16_21_670.jpg,/root/Desktop/IMG/left_2018_07_19_18_16_21_670.jpg,/root/Desktop/IMG/right_2018_07_19_18_16_21_670.jpg,0,0,0,2.972232E-06
/root/Desktop/IMG/center_2018_07_19_18_16_21_744.jpg,/root/Desktop/IMG/left_2018_07_19_18_16_21_744.jpg,/root/Desktop/IMG/right_2018_07_19_18_16_21_744.jpg,0,0,0,4.034977E-06
/root/Desktop/IMG/center_2018_07_19_18_16_21_816.jpg,/root/Desktop/IMG/left_2018_07_19_18_16_21_816.jpg,/root/Desktop/IMG/right_2018_07_19_18_16_21_816.jpg,0,0,0,4.89894E-06
/root/Desktop/IMG/center_2018_07_19_18_16_21_887.jpg,/root/Desktop/IMG/left_2018_07_19_18_16_21_887.jpg,/root/Desktop/IMG/right_2018_07_19_18_16_21_887.jpg,0,0,0,1.056082E-06
/root/Desktop/IMG/center_2018_07_19_18_16_21_955.jpg,/root/Desktop/IMG/left_2018_07_19_18_16_21_955.jpg,/root/Desktop/IMG/right_2018_07_19_18_16_21_955.jpg,0,0,0,1.713805E-06
/root/Desktop/IMG/center_2018_07_19_18_16_22_034.jpg,/root/Desktop/IMG/left_2018_07_19_18_16_22_034.jpg,/root/Desktop/IMG/right_2018_07_19_18_16_22_034.jpg,0,0,0,6.355035E-07
/root/Desktop/IMG/center_2018_07_19_18_16_22_106.jpg,/root/Desktop/IMG/left_2018_07_19_18_16_22_106.jpg,/root/Desktop/IMG/right_2018_07_19_18_16_22_106.jpg,0,0,0,3.170556E-06
/root/Desktop/IMG/center_2018_07_19_18_16_22_177.jpg,/root/Desktop/IMG/left_2018_07_19_18_16_22_177.jpg,/root/Desktop/IMG/right_2018_07_19_18_16_22_177.jpg,0,0,0,2.307069E-06
/root/Desktop/IMG/center_2018_07_19_18_16_22_245.jpg,/root/Desktop/IMG/left_2018_07_19_18_16_22_245.jpg,/root/Desktop/IMG/right_2018_07_19_18_16_22_245.jpg,0,0,0,6.031315E-07
/root/Desktop/IMG/center_2018_07_19_18_16_22_318.jpg,/root/Desktop/IMG/left_2018_07_19_18_16_22_318.jpg,/root/Desktop/IMG/right_2018_07_19_18_16_22_318.jpg,0,0,0,6.92427E-07
/root/Desktop/IMG/center_2018_07_19_18_16_22_395.jpg,/root/Desktop/IMG/left_2018_07_19_18_16_22_395.jpg,/root/Desktop/IMG/right_2018_07_19_18_16_22_395.jpg,0,0,0,1.768929E-06
/root/Desktop/IMG/center_2018_07_19_18_16_22_462.jpg,/root/Desktop/IMG/left_2018_07_19_18_16_22_462.jpg,/root/Desktop/IMG/right_2018_07_19_18_16_22_462.jpg,0,0,0,2.16864E-06
/root/Desktop/IMG/center_2018_07_19_18_16_22_530.jpg,/root/Desktop/IMG/left_2018_07_19_18_16_22_530.jpg,/root/Desktop/IMG/right_2018_07_19_18_16_22_530.jpg,0,0,0,2.500336E-06
/root/Desktop/IMG/center_2018_07_19_18_16_22_598.jpg,/root/Desktop/IMG/left_2018_07_19_18_16_22_598.jpg,/root/Desktop/IMG/right_2018_07_19_18_16_22_598.jpg,0,0,0,3.0961E-06
/root/Desktop/IMG/center_2018_07_19_18_16_22_667.jpg,/root/Desktop/IMG/left_2018_07_19_18_16_22_667.jpg,/root/Desktop/IMG/right_2018_07_19_18_16_22_667.jpg,0,0,0,3.691698E-06
/root/Desktop/IMG/center_2018_07_19_18_16_22_740.jpg,/root/Desktop/IMG/left_2018_07_19_18_16_22_740.jpg,/root/Desktop/IMG/right_2018_07_19_18_16_22_740.jpg,0,0,0,7.149269E-06
/root/Desktop/IMG/center_2018_07_19_18_16_22_816.jpg,/root/Desktop/IMG/left_2018_07_19_18_16_22_816.jpg,/root/Desktop/IMG/right_2018_07_19_18_16_22_816.jpg,0,0,0,3.757903E-06
/root/Desktop/IMG/center_2018_07_19_18_16_22_887.jpg,/root/Desktop/IMG/left_2018_07_19_18_16_22_887.jpg,/root/Desktop/IMG/right_2018_07_19_18_16_22_887.jpg,0,0,0,3.127836E-06
/root/Desktop/IMG/center_2018_07_19_18_16_22_961.jpg,/root/Desktop/IMG/left_2018_07_19_18_16_22_961.jpg,/root/Desktop/IMG/right_2018_07_19_18_16_22_961.jpg,0,0,0,2.689168E-07
/root/Desktop/IMG/center_2018_07_19_18_16_23_036.jpg,/root/Desktop/IMG/left_2018_07_19_18_16_23_036.jpg,/root/Desktop/IMG/right_2018_07_19_18_16_23_036.jpg,0,0,0,6.641652E-07
/root/Desktop/IMG/center_2018_07_19_18_16_23_108.jpg,/root/Desktop/IMG/left_2018_07_19_18_16_23_108.jpg,/root/Desktop/IMG/right_2018_07_19_18_16_23_108.jpg,0,0,0,1.717399E-06
/root/Desktop/IMG/center_2018_07_19_18_16_23_181.jpg,/root/Desktop/IMG/left_2018_07_19_18_16_23_181.jpg,/root/Desktop/IMG/right_2018_07_19_18_16_23_181.jpg,0,0,0,1.677967E-06
/root/Desktop/IMG/center_2018_07_19_18_16_23_253.jpg,/root/Desktop/IMG/left_2018_07_19_18_16_23_253.jpg,/root/Desktop/IMG/right_2018_07_19_18_16_23_253.jpg,0,0,0,6.029093E-06
/root/Desktop/IMG/center_2018_07_19_18_16_23_323.jpg,/root/Desktop/IMG/left_2018_07_19_18_16_23_323.jpg,/root/Desktop/IMG/right_2018_07_19_18_16_23_323.jpg,0,0,0,4.483962E-07
/root/Desktop/IMG/center_2018_07_19_18_16_23_404.jpg,/root/Desktop/IMG/left_2018_07_19_18_16_23_404.jpg,/root/Desktop/IMG/right_2018_07_19_18_16_23_404.jpg,0,0,0,3.037501E-06
/root/Desktop/IMG/center_2018_07_19_18_16_23_474.jpg,/root/Desktop/IMG/left_2018_07_19_18_16_23_474.jpg,/root/Desktop/IMG/right_2018_07_19_18_16_23_474.jpg,0,0,0,2.041952E-06
/root/Desktop/IMG/center_2018_07_19_18_16_23_542.jpg,/root/Desktop/IMG/left_2018_07_19_18_16_23_542.jpg,/root/Desktop/IMG/right_2018_07_19_18_16_23_542.jpg,0,0,0,2.639768E-06
/root/Desktop/IMG/center_2018_07_19_18_16_23_614.jpg,/root/Desktop/IMG/left_2018_07_19_18_16_23_614.jpg,/root/Desktop/IMG/right_2018_07_19_18_16_23_614.jpg,0,0,0,3.237624E-06
/root/Desktop/IMG/center_2018_07_19_18_16_23_688.jpg,/root/Desktop/IMG/left_2018_07_19_18_16_23_688.jpg,/root/Desktop/IMG/right_2018_07_19_18_16_23_688.jpg,0,0,0,3.835502E-06
/root/Desktop/IMG/center_2018_07_19_18_16_23_764.jpg,/root/Desktop/IMG/left_2018_07_19_18_16_23_764.jpg,/root/Desktop/IMG/right_2018_07_19_18_16_23_764.jpg,0,0,0,4.832321E-06
/root/Desktop/IMG/center_2018_07_19_18_16_23_836.jpg,/root/Desktop/IMG/left_2018_07_19_18_16_23_836.jpg,/root/Desktop/IMG/right_2018_07_19_18_16_23_836.jpg,0,0.04386306,0,0.0175046
/root/Desktop/IMG/center_2018_07_19_18_16_23_910.jpg,/root/Desktop/IMG/left_2018_07_19_18_16_23_910.jpg,/root/Desktop/IMG/right_2018_07_19_18_16_23_910.jpg,0,0.2876465,0,0.191379
/root/Desktop/IMG/center_2018_07_19_18_16_23_982.jpg,/root/Desktop/IMG/left_2018_07_19_18_16_23_982.jpg,/root/Desktop/IMG/right_2018_07_19_18_16_23_982.jpg,0,0.5301483,0,0.6346311
/root/Desktop/IMG/center_2018_07_19_18_16_24_051.jpg,/root/Desktop/IMG/left_2018_07_19_18_16_24_051.jpg,/root/Desktop/IMG/right_2018_07_19_18_16_24_051.jpg,0,0.7121494,0,1.071805
/root/Desktop/IMG/center_2018_07_19_18_16_24_126.jpg,/root/Desktop/IMG/left_2018_07_19_18_16_24_126.jpg,/root/Desktop/IMG/right_2018_07_19_18_16_24_126.jpg,0,0.9616442,0,1.803319
/root/Desktop/IMG/center_2018_07_19_18_16_24_205.jpg,/root/Desktop/IMG/left_2018_07_19_18_16_24_205.jpg,/root/Desktop/IMG/right_2018_07_19_18_16_24_205.jpg,0,1,0,2.680612
/root/Desktop/IMG/center_2018_07_19_18_16_24_273.jpg,/root/Desktop/IMG/left_2018_07_19_18_16_24_273.jpg,/root/Desktop/IMG/right_2018_07_19_18_16_24_273.jpg,0,1,0,3.362387
/root/Desktop/IMG/center_2018_07_19_18_16_24_352.jpg,/root/Desktop/IMG/left_2018_07_19_18_16_24_352.jpg,/root/Desktop/IMG/right_2018_07_19_18_16_24_352.jpg,0,1,0,4.301505
/root/Desktop/IMG/center_2018_07_19_18_16_24_427.jpg,/root/Desktop/IMG/left_2018_07_19_18_16_24_427.jpg,/root/Desktop/IMG/right_2018_07_19_18_16_24_427.jpg,0,1,0,5.232563
/root/Desktop/IMG/center_2018_07_19_18_16_24_497.jpg,/root/Desktop/IMG/left_2018_07_19_18_16_24_497.jpg,/root/Desktop/IMG/right_2018_07_19_18_16_24_497.jpg,0,1,0,5.926196
/root/Desktop/IMG/center_2018_07_19_18_16_24_576.jpg,/root/Desktop/IMG/left_2018_07_19_18_16_24_576.jpg,/root/Desktop/IMG/right_2018_07_19_18_16_24_576.jpg,0,1,0,6.844763
/root/Desktop/IMG/center_2018_07_19_18_16_24_652.jpg,/root/Desktop/IMG/left_2018_07_19_18_16_24_652.jpg,/root/Desktop/IMG/right_2018_07_19_18_16_24_652.jpg,0,1,0,7.756184
/root/Desktop/IMG/center_2018_07_19_18_16_24_722.jpg,/root/Desktop/IMG/left_2018_07_19_18_16_24_722.jpg,/root/Desktop/IMG/right_2018_07_19_18_16_24_722.jpg,0,1,0,8.660527
/root/Desktop/IMG/center_2018_07_19_18_16_24_797.jpg,/root/Desktop/IMG/left_2018_07_19_18_16_24_797.jpg,/root/Desktop/IMG/right_2018_07_19_18_16_24_797.jpg,0,1,0,9.334144
/root/Desktop/IMG/center_2018_07_19_18_16_24_866.jpg,/root/Desktop/IMG/left_2018_07_19_18_16_24_866.jpg,/root/Desktop/IMG/right_2018_07_19_18_16_24_866.jpg,0,1,0,10.22614
/root/Desktop/IMG/center_2018_07_19_18_16_24_938.jpg,/root/Desktop/IMG/left_2018_07_19_18_16_24_938.jpg,/root/Desktop/IMG/right_2018_07_19_18_16_24_938.jpg,0,1,0,10.8905
/root/Desktop/IMG/center_2018_07_19_18_16_25_012.jpg,/root/Desktop/IMG/left_2018_07_19_18_16_25_012.jpg,/root/Desktop/IMG/right_2018_07_19_18_16_25_012.jpg,0,1,0,11.6068
/root/Desktop/IMG/center_2018_07_19_18_16_25_078.jpg,/root/Desktop/IMG/left_2018_07_19_18_16_25_078.jpg,/root/Desktop/IMG/right_2018_07_19_18_16_25_078.jpg,0,1,0,12.46324
/root/Desktop/IMG/center_2018_07_19_18_16_25_153.jpg,/root/Desktop/IMG/left_2018_07_19_18_16_25_153.jpg,/root/Desktop/IMG/right_2018_07_19_18_16_25_153.jpg,0,0.9535449,0,13.173
/root/Desktop/IMG/center_2018_07_19_18_16_25_220.jpg,/root/Desktop/IMG/left_2018_07_19_18_16_25_220.jpg,/root/Desktop/IMG/right_2018_07_19_18_16_25_220.jpg,0,0.7268353,0,14.00447
/root/Desktop/IMG/center_2018_07_19_18_16_25_291.jpg,/root/Desktop/IMG/left_2018_07_19_18_16_25_291.jpg,/root/Desktop/IMG/right_2018_07_19_18_16_25_291.jpg,0,0.5383811,0,14.33671
/root/Desktop/IMG/center_2018_07_19_18_16_25_363.jpg,/root/Desktop/IMG/left_2018_07_19_18_16_25_363.jpg,/root/Desktop/IMG/right_2018_07_19_18_16_25_363.jpg,0,0.2991338,0,14.52879
/root/Desktop/IMG/center_2018_07_19_18_16_25_436.jpg,/root/Desktop/IMG/left_2018_07_19_18_16_25_436.jpg,/root/Desktop/IMG/right_2018_07_19_18_16_25_436.jpg,0,0.1276419,0,14.74529
/root/Desktop/IMG/center_2018_07_19_18_16_25_506.jpg,/root/Desktop/IMG/left_2018_07_19_18_16_25_506.jpg,/root/Desktop/IMG/right_2018_07_19_18_16_25_506.jpg,0,0,0,14.69972
/root/Desktop/IMG/center_2018_07_19_18_16_25_574.jpg,/root/Desktop/IMG/left_2018_07_19_18_16_25_574.jpg,/root/Desktop/IMG/right_2018_07_19_18_16_25_574.jpg,0,0,0,14.37817
/root/Desktop/IMG/center_2018_07_19_18_16_25_644.jpg,/root/Desktop/IMG/left_2018_07_19_18_16_25_644.jpg,/root/Desktop/IMG/right_2018_07_19_18_16_25_644.jpg,0,0,0,14.25032
/root/Desktop/IMG/center_2018_07_19_18_16_25_832.jpg,/root/Desktop/IMG/left_2018_07_19_18_16_25_832.jpg,/root/Desktop/IMG/right_2018_07_19_18_16_25_832.jpg,0,0,0,14.23239
/root/Desktop/IMG/center_2018_07_19_18_16_26_009.jpg,/root/Desktop/IMG/left_2018_07_19_18_16_26_009.jpg,/root/Desktop/IMG/right_2018_07_19_18_16_26_009.jpg,0,0,0,13.75187
/root/Desktop/IMG/center_2018_07_19_18_16_26_078.jpg,/root/Desktop/IMG/left_2018_07_19_18_16_26_078.jpg,/root/Desktop/IMG/right_2018_07_19_18_16_26_078.jpg,0,0,0,13.86876
/root/Desktop/IMG/center_2018_07_19_18_16_26_147.jpg,/root/Desktop/IMG/left_2018_07_19_18_16_26_147.jpg,/root/Desktop/IMG/right_2018_07_19_18_16_26_147.jpg,0.03773585,0,0,13.72886
/root/Desktop/IMG/center_2018_07_19_18_16_26_219.jpg,/root/Desktop/IMG/left_2018_07_19_18_16_26_219.jpg,/root/Desktop/IMG/right_2018_07_19_18_16_26_219.jpg,0.03773585,0,0,13.38421
/root/Desktop/IMG/center_2018_07_19_18_16_26_287.jpg,/root/Desktop/IMG/left_2018_07_19_18_16_26_287.jpg,/root/Desktop/IMG/right_2018_07_19_18_16_26_287.jpg,0.03773585,0,0,13.26883
/root/Desktop/IMG/center_2018_07_19_18_16_26_357.jpg,/root/Desktop/IMG/left_2018_07_19_18_16_26_357.jpg,/root/Desktop/IMG/right_2018_07_19_18_16_26_357.jpg,-0.1698113,0,0,13.42923
/root/Desktop/IMG/center_2018_07_19_18_16_26_427.jpg,/root/Desktop/IMG/left_2018_07_19_18_16_26_427.jpg,/root/Desktop/IMG/right_2018_07_19_18_16_26_427.jpg,-0.2641509,0,0,13.31566
/root/Desktop/IMG/center_2018_07_19_18_16_26_495.jpg,/root/Desktop/IMG/left_2018_07_19_18_16_26_495.jpg,/root/Desktop/IMG/right_2018_07_19_18_16_26_495.jpg,-0.3018868,0,0,12.95624
/root/Desktop/IMG/center_2018_07_19_18_16_26_567.jpg,/root/Desktop/IMG/left_2018_07_19_18_16_26_567.jpg,/root/Desktop/IMG/right_2018_07_19_18_16_26_567.jpg,-0.3490566,0,0,12.85741
/root/Desktop/IMG/center_2018_07_19_18_16_26_638.jpg,/root/Desktop/IMG/left_2018_07_19_18_16_26_638.jpg,/root/Desktop/IMG/right_2018_07_19_18_16_26_638.jpg,-0.509434,0,0,12.99559
/root/Desktop/IMG/center_2018_07_19_18_16_26_709.jpg,/root/Desktop/IMG/left_2018_07_19_18_16_26_709.jpg,/root/Desktop/IMG/right_2018_07_19_18_16_26_709.jpg,-0.6226415,0,0,12.86054
/root/Desktop/IMG/center_2018_07_19_18_16_26_777.jpg,/root/Desktop/IMG/left_2018_07_19_18_16_26_777.jpg,/root/Desktop/IMG/right_2018_07_19_18_16_26_777.jpg,-0.6792453,0,0,12.39239
/root/Desktop/IMG/center_2018_07_19_18_16_26_848.jpg,/root/Desktop/IMG/left_2018_07_19_18_16_26_848.jpg,/root/Desktop/IMG/right_2018_07_19_18_16_26_848.jpg,-0.7547171,0,0,12.23402
/root/Desktop/IMG/center_2018_07_19_18_16_26_918.jpg,/root/Desktop/IMG/left_2018_07_19_18_16_26_918.jpg,/root/Desktop/IMG/right_2018_07_19_18_16_26_918.jpg,-0.7924529,0,0,12.3757
/root/Desktop/IMG/center_2018_07_19_18_16_26_987.jpg,/root/Desktop/IMG/left_2018_07_19_18_16_26_987.jpg,/root/Desktop/IMG/right_2018_07_19_18_16_26_987.jpg,-0.8584906,0,0,12.22191
/root/Desktop/IMG/center_2018_07_19_18_16_27_061.jpg,/root/Desktop/IMG/left_2018_07_19_18_16_27_061.jpg,/root/Desktop/IMG/right_2018_07_19_18_16_27_061.jpg,-0.8584906,0,0,12.09364
/root/Desktop/IMG/center_2018_07_19_18_16_27_133.jpg,/root/Desktop/IMG/left_2018_07_19_18_16_27_133.jpg,/root/Desktop/IMG/right_2018_07_19_18_16_27_133.jpg,-0.8584906,0,0,11.75786
/root/Desktop/IMG/center_2018_07_19_18_16_27_202.jpg,/root/Desktop/IMG/left_2018_07_19_18_16_27_202.jpg,/root/Desktop/IMG/right_2018_07_19_18_16_27_202.jpg,-0.8584906,0,0,11.6468
/root/Desktop/IMG/center_2018_07_19_18_16_27_277.jpg,/root/Desktop/IMG/left_2018_07_19_18_16_27_277.jpg,/root/Desktop/IMG/right_2018_07_19_18_16_27_277.jpg,-0.8584906,0,0,11.82014
/root/Desktop/IMG/center_2018_07_19_18_16_27_345.jpg,/root/Desktop/IMG/left_2018_07_19_18_16_27_345.jpg,/root/Desktop/IMG/right_2018_07_19_18_16_27_345.jpg,-0.8584906,0,0,11.72457
/root/Desktop/IMG/center_2018_07_19_18_16_27_412.jpg,/root/Desktop/IMG/left_2018_07_19_18_16_27_412.jpg,/root/Desktop/IMG/right_2018_07_19_18_16_27_412.jpg,-0.8584906,0,0,11.43293
/root/Desktop/IMG/center_2018_07_19_18_16_27_486.jpg,/root/Desktop/IMG/left_2018_07_19_18_16_27_486.jpg,/root/Desktop/IMG/right_2018_07_19_18_16_27_486.jpg,-0.8584906,0,0,11.54893
/root/Desktop/IMG/center_2018_07_19_18_16_27_558.jpg,/root/Desktop/IMG/left_2018_07_19_18_16_27_558.jpg,/root/Desktop/IMG/right_2018_07_19_18_16_27_558.jpg,-0.7924529,0,0,11.45519
/root/Desktop/IMG/center_2018_07_19_18_16_27_632.jpg,/root/Desktop/IMG/left_2018_07_19_18_16_27_632.jpg,/root/Desktop/IMG/right_2018_07_19_18_16_27_632.jpg,-0.6792453,0,0,11.38471
/root/Desktop/IMG/center_2018_07_19_18_16_27_712.jpg,/root/Desktop/IMG/left_2018_07_19_18_16_27_712.jpg,/root/Desktop/IMG/right_2018_07_19_18_16_27_712.jpg,-0.5849057,0,0,11.24489
/root/Desktop/IMG/center_2018_07_19_18_16_27_785.jpg,/root/Desktop/IMG/left_2018_07_19_18_16_27_785.jpg,/root/Desktop/IMG/right_2018_07_19_18_16_27_785.jpg,-0.5849057,0,0,11.24342
/root/Desktop/IMG/center_2018_07_19_18_16_27_852.jpg,/root/Desktop/IMG/left_2018_07_19_18_16_27_852.jpg,/root/Desktop/IMG/right_2018_07_19_18_16_27_852.jpg,-0.5849057,0,0,11.18093
/root/Desktop/IMG/center_2018_07_19_18_16_27_927.jpg,/root/Desktop/IMG/left_2018_07_19_18_16_27_927.jpg,/root/Desktop/IMG/right_2018_07_19_18_16_27_927.jpg,-0.5849057,0,0,11.0964
/root/Desktop/IMG/center_2018_07_19_18_16_28_001.jpg,/root/Desktop/IMG/left_2018_07_19_18_16_28_001.jpg,/root/Desktop/IMG/right_2018_07_19_18_16_28_001.jpg,-0.5283019,0,0,11.01346
/root/Desktop/IMG/center_2018_07_19_18_16_28_074.jpg,/root/Desktop/IMG/left_2018_07_19_18_16_28_074.jpg,/root/Desktop/IMG/right_2018_07_19_18_16_28_074.jpg,-0.3867925,0,0,10.96187
/root/Desktop/IMG/center_2018_07_19_18_16_28_147.jpg,/root/Desktop/IMG/left_2018_07_19_18_16_28_147.jpg,/root/Desktop/IMG/right_2018_07_19_18_16_28_147.jpg,-0.2924528,0,0,10.88916
/root/Desktop/IMG/center_2018_07_19_18_16_28_214.jpg,/root/Desktop/IMG/left_2018_07_19_18_16_28_214.jpg,/root/Desktop/IMG/right_2018_07_19_18_16_28_214.jpg,-0.2924528,0,0,10.83111
/root/Desktop/IMG/center_2018_07_19_18_16_28_289.jpg,/root/Desktop/IMG/left_2018_07_19_18_16_28_289.jpg,/root/Desktop/IMG/right_2018_07_19_18_16_28_289.jpg,-0.254717,0,0,10.75199
/root/Desktop/IMG/center_2018_07_19_18_16_28_362.jpg,/root/Desktop/IMG/left_2018_07_19_18_16_28_362.jpg,/root/Desktop/IMG/right_2018_07_19_18_16_28_362.jpg,-0.254717,0,0,10.67081
/root/Desktop/IMG/center_2018_07_19_18_16_28_433.jpg,/root/Desktop/IMG/left_2018_07_19_18_16_28_433.jpg,/root/Desktop/IMG/right_2018_07_19_18_16_28_433.jpg,-0.2264151,0,0,10.60946
/root/Desktop/IMG/center_2018_07_19_18_16_28_507.jpg,/root/Desktop/IMG/left_2018_07_19_18_16_28_507.jpg,/root/Desktop/IMG/right_2018_07_19_18_16_28_507.jpg,-0.02830189,0,0,10.51997
/root/Desktop/IMG/center_2018_07_19_18_16_28_580.jpg,/root/Desktop/IMG/left_2018_07_19_18_16_28_580.jpg,/root/Desktop/IMG/right_2018_07_19_18_16_28_580.jpg,0.04716982,0,0,10.42984
/root/Desktop/IMG/center_2018_07_19_18_16_28_654.jpg,/root/Desktop/IMG/left_2018_07_19_18_16_28_654.jpg,/root/Desktop/IMG/right_2018_07_19_18_16_28_654.jpg,0.2075472,0,0,10.34672
/root/Desktop/IMG/center_2018_07_19_18_16_28_730.jpg,/root/Desktop/IMG/left_2018_07_19_18_16_28_730.jpg,/root/Desktop/IMG/right_2018_07_19_18_16_28_730.jpg,0.3301887,0,0,10.23664
/root/Desktop/IMG/center_2018_07_19_18_16_28_802.jpg,/root/Desktop/IMG/left_2018_07_19_18_16_28_802.jpg,/root/Desktop/IMG/right_2018_07_19_18_16_28_802.jpg,0.4433962,0,0,10.12424
/root/Desktop/IMG/center_2018_07_19_18_16_28_874.jpg,/root/Desktop/IMG/left_2018_07_19_18_16_28_874.jpg,/root/Desktop/IMG/right_2018_07_19_18_16_28_874.jpg,0.4716981,0,0,10.04147
/root/Desktop/IMG/center_2018_07_19_18_16_28_942.jpg,/root/Desktop/IMG/left_2018_07_19_18_16_28_942.jpg,/root/Desktop/IMG/right_2018_07_19_18_16_28_942.jpg,0.4905661,0,0,9.946216
/root/Desktop/IMG/center_2018_07_19_18_16_29_016.jpg,/root/Desktop/IMG/left_2018_07_19_18_16_29_016.jpg,/root/Desktop/IMG/right_2018_07_19_18_16_29_016.jpg,0.509434,0,0,9.877957
/root/Desktop/IMG/center_2018_07_19_18_16_29_091.jpg,/root/Desktop/IMG/left_2018_07_19_18_16_29_091.jpg,/root/Desktop/IMG/right_2018_07_19_18_16_29_091.jpg,0.6132075,0,0,9.770152
/root/Desktop/IMG/center_2018_07_19_18_16_29_160.jpg,/root/Desktop/IMG/left_2018_07_19_18_16_29_160.jpg,/root/Desktop/IMG/right_2018_07_19_18_16_29_160.jpg,0.7358491,0,0,9.636763
/root/Desktop/IMG/center_2018_07_19_18_16_29_235.jpg,/root/Desktop/IMG/left_2018_07_19_18_16_29_235.jpg,/root/Desktop/IMG/right_2018_07_19_18_16_29_235.jpg,0.7358491,0,0,9.562199
/root/Desktop/IMG/center_2018_07_19_18_16_29_304.jpg,/root/Desktop/IMG/left_2018_07_19_18_16_29_304.jpg,/root/Desktop/IMG/right_2018_07_19_18_16_29_304.jpg,0.7358491,0,0,9.473383
/root/Desktop/IMG/center_2018_07_19_18_16_29_371.jpg,/root/Desktop/IMG/left_2018_07_19_18_16_29_371.jpg,/root/Desktop/IMG/right_2018_07_19_18_16_29_371.jpg,0.7358491,0,0,9.410007
/root/Desktop/IMG/center_2018_07_19_18_16_29_445.jpg,/root/Desktop/IMG/left_2018_07_19_18_16_29_445.jpg,/root/Desktop/IMG/right_2018_07_19_18_16_29_445.jpg,0.7358491,0,0,9.32734
/root/Desktop/IMG/center_2018_07_19_18_16_29_514.jpg,/root/Desktop/IMG/left_2018_07_19_18_16_29_514.jpg,/root/Desktop/IMG/right_2018_07_19_18_16_29_514.jpg,0.7358491,0,0,9.266132
/root/Desktop/IMG/center_2018_07_19_18_16_29_587.jpg,/root/Desktop/IMG/left_2018_07_19_18_16_29_587.jpg,/root/Desktop/IMG/right_2018_07_19_18_16_29_587.jpg,0.7358491,0,0,9.185282
/root/Desktop/IMG/center_2018_07_19_18_16_29_661.jpg,/root/Desktop/IMG/left_2018_07_19_18_16_29_661.jpg,/root/Desktop/IMG/right_2018_07_19_18_16_29_661.jpg,0.7358491,0,0,9.105185
/root/Desktop/IMG/center_2018_07_19_18_16_29_733.jpg,/root/Desktop/IMG/left_2018_07_19_18_16_29_733.jpg,/root/Desktop/IMG/right_2018_07_19_18_16_29_733.jpg,0.7169811,0,0,9.047213
/root/Desktop/IMG/center_2018_07_19_18_16_29_802.jpg,/root/Desktop/IMG/left_2018_07_19_18_16_29_802.jpg,/root/Desktop/IMG/right_2018_07_19_18_16_29_802.jpg,0.6792453,0,0,8.977851
/root/Desktop/IMG/center_2018_07_19_18_16_29_871.jpg,/root/Desktop/IMG/left_2018_07_19_18_16_29_871.jpg,/root/Desktop/IMG/right_2018_07_19_18_16_29_871.jpg,0.6226415,0,0,8.928673
/root/Desktop/IMG/center_2018_07_19_18_16_29_943.jpg,/root/Desktop/IMG/left_2018_07_19_18_16_29_943.jpg,/root/Desktop/IMG/right_2018_07_19_18_16_29_943.jpg,0.5471698,0,0,8.868466
/root/Desktop/IMG/center_2018_07_19_18_16_30_017.jpg,/root/Desktop/IMG/left_2018_07_19_18_16_30_017.jpg,/root/Desktop/IMG/right_2018_07_19_18_16_30_017.jpg,0.509434,0,0,8.822943
/root/Desktop/IMG/center_2018_07_19_18_16_30_085.jpg,/root/Desktop/IMG/left_2018_07_19_18_16_30_085.jpg,/root/Desktop/IMG/right_2018_07_19_18_16_30_085.jpg,0.509434,0,0,8.756709
/root/Desktop/IMG/center_2018_07_19_18_16_30_157.jpg,/root/Desktop/IMG/left_2018_07_19_18_16_30_157.jpg,/root/Desktop/IMG/right_2018_07_19_18_16_30_157.jpg,0.509434,0,0,8.704481
/root/Desktop/IMG/center_2018_07_19_18_16_30_229.jpg,/root/Desktop/IMG/left_2018_07_19_18_16_30_229.jpg,/root/Desktop/IMG/right_2018_07_19_18_16_30_229.jpg,0.4905661,0,0,8.635682
/root/Desktop/IMG/center_2018_07_19_18_16_30_302.jpg,/root/Desktop/IMG/left_2018_07_19_18_16_30_302.jpg,/root/Desktop/IMG/right_2018_07_19_18_16_30_302.jpg,0.4245283,0,0,8.572332
/root/Desktop/IMG/center_2018_07_19_18_16_30_373.jpg,/root/Desktop/IMG/left_2018_07_19_18_16_30_373.jpg,/root/Desktop/IMG/right_2018_07_19_18_16_30_373.jpg,0.3207547,0,0,8.528138
/root/Desktop/IMG/center_2018_07_19_18_16_30_445.jpg,/root/Desktop/IMG/left_2018_07_19_18_16_30_445.jpg,/root/Desktop/IMG/right_2018_07_19_18_16_30_445.jpg,0.3018868,0,0,8.464902
/root/Desktop/IMG/center_2018_07_19_18_16_30_513.jpg,/root/Desktop/IMG/left_2018_07_19_18_16_30_513.jpg,/root/Desktop/IMG/right_2018_07_19_18_16_30_513.jpg,0.254717,0,0,8.417129
/root/Desktop/IMG/center_2018_07_19_18_16_30_581.jpg,/root/Desktop/IMG/left_2018_07_19_18_16_30_581.jpg,/root/Desktop/IMG/right_2018_07_19_18_16_30_581.jpg,0.09433963,0,0,8.349746
/root/Desktop/IMG/center_2018_07_19_18_16_30_655.jpg,/root/Desktop/IMG/left_2018_07_19_18_16_30_655.jpg,/root/Desktop/IMG/right_2018_07_19_18_16_30_655.jpg,0.06603774,0,0,8.298385
/root/Desktop/IMG/center_2018_07_19_18_16_30_727.jpg,/root/Desktop/IMG/left_2018_07_19_18_16_30_727.jpg,/root/Desktop/IMG/right_2018_07_19_18_16_30_727.jpg,0.04716982,0,0,8.22918
/root/Desktop/IMG/center_2018_07_19_18_16_30_796.jpg,/root/Desktop/IMG/left_2018_07_19_18_16_30_796.jpg,/root/Desktop/IMG/right_2018_07_19_18_16_30_796.jpg,0.02830189,0,0,8.17756
/root/Desktop/IMG/center_2018_07_19_18_16_30_871.jpg,/root/Desktop/IMG/left_2018_07_19_18_16_30_871.jpg,/root/Desktop/IMG/right_2018_07_19_18_16_30_871.jpg,0.009433962,0,0,8.10803
/root/Desktop/IMG/center_2018_07_19_18_16_30_945.jpg,/root/Desktop/IMG/left_2018_07_19_18_16_30_945.jpg,/root/Desktop/IMG/right_2018_07_19_18_16_30_945.jpg,-0.0754717,0,0,8.037143
/root/Desktop/IMG/center_2018_07_19_18_16_31_012.jpg,/root/Desktop/IMG/left_2018_07_19_18_16_31_012.jpg,/root/Desktop/IMG/right_2018_07_19_18_16_31_012.jpg,-0.0754717,0,0,7.985116
/root/Desktop/IMG/center_2018_07_19_18_16_31_084.jpg,/root/Desktop/IMG/left_2018_07_19_18_16_31_084.jpg,/root/Desktop/IMG/right_2018_07_19_18_16_31_084.jpg,-0.0754717,0,0,7.917255
/root/Desktop/IMG/center_2018_07_19_18_16_31_157.jpg,/root/Desktop/IMG/left_2018_07_19_18_16_31_157.jpg,/root/Desktop/IMG/right_2018_07_19_18_16_31_157.jpg,-0.1415094,0,0,7.865609
/root/Desktop/IMG/center_2018_07_19_18_16_31_230.jpg,/root/Desktop/IMG/left_2018_07_19_18_16_31_230.jpg,/root/Desktop/IMG/right_2018_07_19_18_16_31_230.jpg,-0.2735849,0,0,7.789308
/root/Desktop/IMG/center_2018_07_19_18_16_31_300.jpg,/root/Desktop/IMG/left_2018_07_19_18_16_31_300.jpg,/root/Desktop/IMG/right_2018_07_19_18_16_31_300.jpg,-0.2830189,0,0,7.714641
/root/Desktop/IMG/center_2018_07_19_18_16_31_375.jpg,/root/Desktop/IMG/left_2018_07_19_18_16_31_375.jpg,/root/Desktop/IMG/right_2018_07_19_18_16_31_375.jpg,-0.3301887,0,0,7.660869
/root/Desktop/IMG/center_2018_07_19_18_16_31_442.jpg,/root/Desktop/IMG/left_2018_07_19_18_16_31_442.jpg,/root/Desktop/IMG/right_2018_07_19_18_16_31_442.jpg,-0.4905661,0,0,7.576593
/root/Desktop/IMG/center_2018_07_19_18_16_31_510.jpg,/root/Desktop/IMG/left_2018_07_19_18_16_31_510.jpg,/root/Desktop/IMG/right_2018_07_19_18_16_31_510.jpg,-0.5283019,0,0,7.510113
/root/Desktop/IMG/center_2018_07_19_18_16_31_577.jpg,/root/Desktop/IMG/left_2018_07_19_18_16_31_577.jpg,/root/Desktop/IMG/right_2018_07_19_18_16_31_577.jpg,-0.5566038,0,0,7.449902
/root/Desktop/IMG/center_2018_07_19_18_16_31_649.jpg,/root/Desktop/IMG/left_2018_07_19_18_16_31_649.jpg,/root/Desktop/IMG/right_2018_07_19_18_16_31_649.jpg,-0.5660377,0,0,7.378925
/root/Desktop/IMG/center_2018_07_19_18_16_31_716.jpg,/root/Desktop/IMG/left_2018_07_19_18_16_31_716.jpg,/root/Desktop/IMG/right_2018_07_19_18_16_31_716.jpg,-0.5660377,0,0,7.329352
/root/Desktop/IMG/center_2018_07_19_18_16_31_790.jpg,/root/Desktop/IMG/left_2018_07_19_18_16_31_790.jpg,/root/Desktop/IMG/right_2018_07_19_18_16_31_790.jpg,-0.5660377,0,0,7.265152
/root/Desktop/IMG/center_2018_07_19_18_16_31_858.jpg,/root/Desktop/IMG/left_2018_07_19_18_16_31_858.jpg,/root/Desktop/IMG/right_2018_07_19_18_16_31_858.jpg,-0.5660377,0,0,7.217819
/root/Desktop/IMG/center_2018_07_19_18_16_31_934.jpg,/root/Desktop/IMG/left_2018_07_19_18_16_31_934.jpg,/root/Desktop/IMG/right_2018_07_19_18_16_31_934.jpg,-0.5660377,0,0,7.155522
/root/Desktop/IMG/center_2018_07_19_18_16_32_009.jpg,/root/Desktop/IMG/left_2018_07_19_18_16_32_009.jpg,/root/Desktop/IMG/right_2018_07_19_18_16_32_009.jpg,-0.5660377,0,0,7.094069
/root/Desktop/IMG/center_2018_07_19_18_16_32_077.jpg,/root/Desktop/IMG/left_2018_07_19_18_16_32_077.jpg,/root/Desktop/IMG/right_2018_07_19_18_16_32_077.jpg,-0.5660377,0,0,7.048515
/root/Desktop/IMG/center_2018_07_19_18_16_32_153.jpg,/root/Desktop/IMG/left_2018_07_19_18_16_32_153.jpg,/root/Desktop/IMG/right_2018_07_19_18_16_32_153.jpg,-0.5660377,0,0,6.98848
/root/Desktop/IMG/center_2018_07_19_18_16_32_221.jpg,/root/Desktop/IMG/left_2018_07_19_18_16_32_221.jpg,/root/Desktop/IMG/right_2018_07_19_18_16_32_221.jpg,-0.5660377,0,0,6.929239
/root/Desktop/IMG/center_2018_07_19_18_16_32_290.jpg,/root/Desktop/IMG/left_2018_07_19_18_16_32_290.jpg,/root/Desktop/IMG/right_2018_07_19_18_16_32_290.jpg,-0.5660377,0,0,6.885324
/root/Desktop/IMG/center_2018_07_19_18_16_32_365.jpg,/root/Desktop/IMG/left_2018_07_19_18_16_32_365.jpg,/root/Desktop/IMG/right_2018_07_19_18_16_32_365.jpg,-0.5660377,0,0,6.827451
/root/Desktop/IMG/center_2018_07_19_18_16_32_439.jpg,/root/Desktop/IMG/left_2018_07_19_18_16_32_439.jpg,/root/Desktop/IMG/right_2018_07_19_18_16_32_439.jpg,-0.5660377,0,0,6.784552
/root/Desktop/IMG/center_2018_07_19_18_16_32_510.jpg,/root/Desktop/IMG/left_2018_07_19_18_16_32_510.jpg,/root/Desktop/IMG/right_2018_07_19_18_16_32_510.jpg,-0.5660377,0,0,6.728022
/root/Desktop/IMG/center_2018_07_19_18_16_32_577.jpg,/root/Desktop/IMG/left_2018_07_19_18_16_32_577.jpg,/root/Desktop/IMG/right_2018_07_19_18_16_32_577.jpg,-0.5660377,0,0,6.68612
/root/Desktop/IMG/center_2018_07_19_18_16_32_645.jpg,/root/Desktop/IMG/left_2018_07_19_18_16_32_645.jpg,/root/Desktop/IMG/right_2018_07_19_18_16_32_645.jpg,-0.5660377,0,0,6.630905
/root/Desktop/IMG/center_2018_07_19_18_16_32_719.jpg,/root/Desktop/IMG/left_2018_07_19_18_16_32_719.jpg,/root/Desktop/IMG/right_2018_07_19_18_16_32_719.jpg,-0.5660377,0,0,6.58998
/root/Desktop/IMG/center_2018_07_19_18_16_32_793.jpg,/root/Desktop/IMG/left_2018_07_19_18_16_32_793.jpg,/root/Desktop/IMG/right_2018_07_19_18_16_32_793.jpg,-0.5660377,0,0,6.536055
/root/Desktop/IMG/center_2018_07_19_18_16_32_860.jpg,/root/Desktop/IMG/left_2018_07_19_18_16_32_860.jpg,/root/Desktop/IMG/right_2018_07_19_18_16_32_860.jpg,-0.5660377,0,0,6.482862
/root/Desktop/IMG/center_2018_07_19_18_16_32_931.jpg,/root/Desktop/IMG/left_2018_07_19_18_16_32_931.jpg,/root/Desktop/IMG/right_2018_07_19_18_16_32_931.jpg,-0.5660377,0,0,6.443438
/root/Desktop/IMG/center_2018_07_19_18_16_32_998.jpg,/root/Desktop/IMG/left_2018_07_19_18_16_32_998.jpg,/root/Desktop/IMG/right_2018_07_19_18_16_32_998.jpg,-0.5660377,0,0,6.404414
/root/Desktop/IMG/center_2018_07_19_18_16_33_067.jpg,/root/Desktop/IMG/left_2018_07_19_18_16_33_067.jpg,/root/Desktop/IMG/right_2018_07_19_18_16_33_067.jpg,-0.5660377,0,0,6.352998
/root/Desktop/IMG/center_2018_07_19_18_16_33_142.jpg,/root/Desktop/IMG/left_2018_07_19_18_16_33_142.jpg,/root/Desktop/IMG/right_2018_07_19_18_16_33_142.jpg,-0.5660377,0,0,6.302278
/root/Desktop/IMG/center_2018_07_19_18_16_33_217.jpg,/root/Desktop/IMG/left_2018_07_19_18_16_33_217.jpg,/root/Desktop/IMG/right_2018_07_19_18_16_33_217.jpg,-0.5660377,0,0,6.264688
/root/Desktop/IMG/center_2018_07_19_18_16_33_293.jpg,/root/Desktop/IMG/left_2018_07_19_18_16_33_293.jpg,/root/Desktop/IMG/right_2018_07_19_18_16_33_293.jpg,-0.5660377,0,0,6.215164
/root/Desktop/IMG/center_2018_07_19_18_16_33_368.jpg,/root/Desktop/IMG/left_2018_07_19_18_16_33_368.jpg,/root/Desktop/IMG/right_2018_07_19_18_16_33_368.jpg,-0.5660377,0,0,6.16631
/root/Desktop/IMG/center_2018_07_19_18_16_33_443.jpg,/root/Desktop/IMG/left_2018_07_19_18_16_33_443.jpg,/root/Desktop/IMG/right_2018_07_19_18_16_33_443.jpg,-0.5660377,0,0,6.118117
/root/Desktop/IMG/center_2018_07_19_18_16_33_511.jpg,/root/Desktop/IMG/left_2018_07_19_18_16_33_511.jpg,/root/Desktop/IMG/right_2018_07_19_18_16_33_511.jpg,-0.5660377,0,0,6.082404
/root/Desktop/IMG/center_2018_07_19_18_16_33_584.jpg,/root/Desktop/IMG/left_2018_07_19_18_16_33_584.jpg,/root/Desktop/IMG/right_2018_07_19_18_16_33_584.jpg,-0.5660377,0,0,6.035351
/root/Desktop/IMG/center_2018_07_19_18_16_33_652.jpg,/root/Desktop/IMG/left_2018_07_19_18_16_33_652.jpg,/root/Desktop/IMG/right_2018_07_19_18_16_33_652.jpg,-0.5660377,0,0,6.000483
/root/Desktop/IMG/center_2018_07_19_18_16_33_722.jpg,/root/Desktop/IMG/left_2018_07_19_18_16_33_722.jpg,/root/Desktop/IMG/right_2018_07_19_18_16_33_722.jpg,-0.5660377,0,0,5.954544
/root/Desktop/IMG/center_2018_07_19_18_16_33_796.jpg,/root/Desktop/IMG/left_2018_07_19_18_16_33_796.jpg,/root/Desktop/IMG/right_2018_07_19_18_16_33_796.jpg,-0.5660377,0,0,5.9205
/root/Desktop/IMG/center_2018_07_19_18_16_33_864.jpg,/root/Desktop/IMG/left_2018_07_19_18_16_33_864.jpg,/root/Desktop/IMG/right_2018_07_19_18_16_33_864.jpg,-0.5660377,0,0,5.875649
/root/Desktop/IMG/center_2018_07_19_18_16_33_935.jpg,/root/Desktop/IMG/left_2018_07_19_18_16_33_935.jpg,/root/Desktop/IMG/right_2018_07_19_18_16_33_935.jpg,-0.5660377,0,0,5.842412
/root/Desktop/IMG/center_2018_07_19_18_16_34_004.jpg,/root/Desktop/IMG/left_2018_07_19_18_16_34_004.jpg,/root/Desktop/IMG/right_2018_07_19_18_16_34_004.jpg,-0.5660377,0,0,5.798623
/root/Desktop/IMG/center_2018_07_19_18_16_34_073.jpg,/root/Desktop/IMG/left_2018_07_19_18_16_34_073.jpg,/root/Desktop/IMG/right_2018_07_19_18_16_34_073.jpg,-0.5660377,0,0,5.766171
/root/Desktop/IMG/center_2018_07_19_18_16_34_141.jpg,/root/Desktop/IMG/left_2018_07_19_18_16_34_141.jpg,/root/Desktop/IMG/right_2018_07_19_18_16_34_141.jpg,-0.5660377,0,0,5.722878
/root/Desktop/IMG/center_2018_07_19_18_16_34_210.jpg,/root/Desktop/IMG/left_2018_07_19_18_16_34_210.jpg,/root/Desktop/IMG/right_2018_07_19_18_16_34_210.jpg,-0.5660377,0,0,5.689482
/root/Desktop/IMG/center_2018_07_19_18_16_34_280.jpg,/root/Desktop/IMG/left_2018_07_19_18_16_34_280.jpg,/root/Desktop/IMG/right_2018_07_19_18_16_34_280.jpg,-0.5660377,0,0,5.643735
/root/Desktop/IMG/center_2018_07_19_18_16_34_349.jpg,/root/Desktop/IMG/left_2018_07_19_18_16_34_349.jpg,/root/Desktop/IMG/right_2018_07_19_18_16_34_349.jpg,-0.5660377,0,0,5.609629
/root/Desktop/IMG/center_2018_07_19_18_16_34_421.jpg,/root/Desktop/IMG/left_2018_07_19_18_16_34_421.jpg,/root/Desktop/IMG/right_2018_07_19_18_16_34_421.jpg,-0.5660377,0,0,5.564609
/root/Desktop/IMG/center_2018_07_19_18_16_34_490.jpg,/root/Desktop/IMG/left_2018_07_19_18_16_34_490.jpg,/root/Desktop/IMG/right_2018_07_19_18_16_34_490.jpg,-0.5660377,0,0,5.531266
/root/Desktop/IMG/center_2018_07_19_18_16_34_560.jpg,/root/Desktop/IMG/left_2018_07_19_18_16_34_560.jpg,/root/Desktop/IMG/right_2018_07_19_18_16_34_560.jpg,-0.5660377,0,0,5.487216
/root/Desktop/IMG/center_2018_07_19_18_16_34_630.jpg,/root/Desktop/IMG/left_2018_07_19_18_16_34_630.jpg,/root/Desktop/IMG/right_2018_07_19_18_16_34_630.jpg,-0.5660377,0,0,5.454489
/root/Desktop/IMG/center_2018_07_19_18_16_34_699.jpg,/root/Desktop/IMG/left_2018_07_19_18_16_34_699.jpg,/root/Desktop/IMG/right_2018_07_19_18_16_34_699.jpg,-0.4528302,0,0,5.426336
/root/Desktop/IMG/center_2018_07_19_18_16_34_768.jpg,/root/Desktop/IMG/left_2018_07_19_18_16_34_768.jpg,/root/Desktop/IMG/right_2018_07_19_18_16_34_768.jpg,-0.2169811,0,0,5.390251
/root/Desktop/IMG/center_2018_07_19_18_16_34_838.jpg,/root/Desktop/IMG/left_2018_07_19_18_16_34_838.jpg,/root/Desktop/IMG/right_2018_07_19_18_16_34_838.jpg,-0.04716982,0,0,5.355464
/root/Desktop/IMG/center_2018_07_19_18_16_34_906.jpg,/root/Desktop/IMG/left_2018_07_19_18_16_34_906.jpg,/root/Desktop/IMG/right_2018_07_19_18_16_34_906.jpg,0.1037736,0,0,5.30615
/root/Desktop/IMG/center_2018_07_19_18_16_34_981.jpg,/root/Desktop/IMG/left_2018_07_19_18_16_34_981.jpg,/root/Desktop/IMG/right_2018_07_19_18_16_34_981.jpg,0.1509434,0,0,5.261541
/root/Desktop/IMG/center_2018_07_19_18_16_35_052.jpg,/root/Desktop/IMG/left_2018_07_19_18_16_35_052.jpg,/root/Desktop/IMG/right_2018_07_19_18_16_35_052.jpg,0.2169811,0,0,5.226214
/root/Desktop/IMG/center_2018_07_19_18_16_35_120.jpg,/root/Desktop/IMG/left_2018_07_19_18_16_35_120.jpg,/root/Desktop/IMG/right_2018_07_19_18_16_35_120.jpg,0.3301887,0,0,5.176144
/root/Desktop/IMG/center_2018_07_19_18_16_35_187.jpg,/root/Desktop/IMG/left_2018_07_19_18_16_35_187.jpg,/root/Desktop/IMG/right_2018_07_19_18_16_35_187.jpg,0.4150943,0,0,5.133373
/root/Desktop/IMG/center_2018_07_19_18_16_35_256.jpg,/root/Desktop/IMG/left_2018_07_19_18_16_35_256.jpg,/root/Desktop/IMG/right_2018_07_19_18_16_35_256.jpg,0.4528302,0,0,5.096547
/root/Desktop/IMG/center_2018_07_19_18_16_35_324.jpg,/root/Desktop/IMG/left_2018_07_19_18_16_35_324.jpg,/root/Desktop/IMG/right_2018_07_19_18_16_35_324.jpg,0.509434,0,0,5.046799
/root/Desktop/IMG/center_2018_07_19_18_16_35_391.jpg,/root/Desktop/IMG/left_2018_07_19_18_16_35_391.jpg,/root/Desktop/IMG/right_2018_07_19_18_16_35_391.jpg,0.5283019,0,0,5.011747
/root/Desktop/IMG/center_2018_07_19_18_16_35_462.jpg,/root/Desktop/IMG/left_2018_07_19_18_16_35_462.jpg,/root/Desktop/IMG/right_2018_07_19_18_16_35_462.jpg,0.5283019,0,0,4.968575
/root/Desktop/IMG/center_2018_07_19_18_16_35_530.jpg,/root/Desktop/IMG/left_2018_07_19_18_16_35_530.jpg,/root/Desktop/IMG/right_2018_07_19_18_16_35_530.jpg,0.5283019,0,0,4.937267
/root/Desktop/IMG/center_2018_07_19_18_16_35_600.jpg,/root/Desktop/IMG/left_2018_07_19_18_16_35_600.jpg,/root/Desktop/IMG/right_2018_07_19_18_16_35_600.jpg,0.5283019,0,0,4.896024
/root/Desktop/IMG/center_2018_07_19_18_16_35_667.jpg,/root/Desktop/IMG/left_2018_07_19_18_16_35_667.jpg,/root/Desktop/IMG/right_2018_07_19_18_16_35_667.jpg,0.5283019,0,0,4.865347
/root/Desktop/IMG/center_2018_07_19_18_16_35_734.jpg,/root/Desktop/IMG/left_2018_07_19_18_16_35_734.jpg,/root/Desktop/IMG/right_2018_07_19_18_16_35_734.jpg,0.5283019,0,0,4.835011
/root/Desktop/IMG/center_2018_07_19_18_16_35_802.jpg,/root/Desktop/IMG/left_2018_07_19_18_16_35_802.jpg,/root/Desktop/IMG/right_2018_07_19_18_16_35_802.jpg,0.5283019,0,0,4.794857
/root/Desktop/IMG/center_2018_07_19_18_16_35_869.jpg,/root/Desktop/IMG/left_2018_07_19_18_16_35_869.jpg,/root/Desktop/IMG/right_2018_07_19_18_16_35_869.jpg,0.5283019,0,0,4.764959
/root/Desktop/IMG/center_2018_07_19_18_16_35_946.jpg,/root/Desktop/IMG/left_2018_07_19_18_16_35_946.jpg,/root/Desktop/IMG/right_2018_07_19_18_16_35_946.jpg,0.5283019,0,0,4.725385
/root/Desktop/IMG/center_2018_07_19_18_16_36_015.jpg,/root/Desktop/IMG/left_2018_07_19_18_16_36_015.jpg,/root/Desktop/IMG/right_2018_07_19_18_16_36_015.jpg,0.5283019,0,0,4.69592
/root/Desktop/IMG/center_2018_07_19_18_16_36_086.jpg,/root/Desktop/IMG/left_2018_07_19_18_16_36_086.jpg,/root/Desktop/IMG/right_2018_07_19_18_16_36_086.jpg,0.4433962,0,0,4.662892
/root/Desktop/IMG/center_2018_07_19_18_16_36_156.jpg,/root/Desktop/IMG/left_2018_07_19_18_16_36_156.jpg,/root/Desktop/IMG/right_2018_07_19_18_16_36_156.jpg,0.2830189,0,0,4.63979
/root/Desktop/IMG/center_2018_07_19_18_16_36_230.jpg,/root/Desktop/IMG/left_2018_07_19_18_16_36_230.jpg,/root/Desktop/IMG/right_2018_07_19_18_16_36_230.jpg,0.245283,0,0,4.605317
/root/Desktop/IMG/center_2018_07_19_18_16_36_306.jpg,/root/Desktop/IMG/left_2018_07_19_18_16_36_306.jpg,/root/Desktop/IMG/right_2018_07_19_18_16_36_306.jpg,0.245283,0,0,4.568913
/root/Desktop/IMG/center_2018_07_19_18_16_36_372.jpg,/root/Desktop/IMG/left_2018_07_19_18_16_36_372.jpg,/root/Desktop/IMG/right_2018_07_19_18_16_36_372.jpg,0.245283,0,0,4.541418
/root/Desktop/IMG/center_2018_07_19_18_16_36_442.jpg,/root/Desktop/IMG/left_2018_07_19_18_16_36_442.jpg,/root/Desktop/IMG/right_2018_07_19_18_16_36_442.jpg,0.245283,0,0,4.504913
/root/Desktop/IMG/center_2018_07_19_18_16_36_511.jpg,/root/Desktop/IMG/left_2018_07_19_18_16_36_511.jpg,/root/Desktop/IMG/right_2018_07_19_18_16_36_511.jpg,0.245283,0,0,4.47771
/root/Desktop/IMG/center_2018_07_19_18_16_36_585.jpg,/root/Desktop/IMG/left_2018_07_19_18_16_36_585.jpg,/root/Desktop/IMG/right_2018_07_19_18_16_36_585.jpg,0.245283,0,0,4.441693
/root/Desktop/IMG/center_2018_07_19_18_16_36_654.jpg,/root/Desktop/IMG/left_2018_07_19_18_16_36_654.jpg,/root/Desktop/IMG/right_2018_07_19_18_16_36_654.jpg,0.245283,0,0,4.41487
/root/Desktop/IMG/center_2018_07_19_18_16_36_721.jpg,/root/Desktop/IMG/left_2018_07_19_18_16_36_721.jpg,/root/Desktop/IMG/right_2018_07_19_18_16_36_721.jpg,0.2264151,0,0,4.37985
/root/Desktop/IMG/center_2018_07_19_18_16_36_788.jpg,/root/Desktop/IMG/left_2018_07_19_18_16_36_788.jpg,/root/Desktop/IMG/right_2018_07_19_18_16_36_788.jpg,0.1415094,0,0,4.354459
/root/Desktop/IMG/center_2018_07_19_18_16_36_863.jpg,/root/Desktop/IMG/left_2018_07_19_18_16_36_863.jpg,/root/Desktop/IMG/right_2018_07_19_18_16_36_863.jpg,0.1132075,0,0,4.320248
/root/Desktop/IMG/center_2018_07_19_18_16_36_930.jpg,/root/Desktop/IMG/left_2018_07_19_18_16_36_930.jpg,/root/Desktop/IMG/right_2018_07_19_18_16_36_930.jpg,0.1132075,0,0,4.294342
/root/Desktop/IMG/center_2018_07_19_18_16_37_001.jpg,/root/Desktop/IMG/left_2018_07_19_18_16_37_001.jpg,/root/Desktop/IMG/right_2018_07_19_18_16_37_001.jpg,0.1132075,0,0,4.259886
/root/Desktop/IMG/center_2018_07_19_18_16_37_072.jpg,/root/Desktop/IMG/left_2018_07_19_18_16_37_072.jpg,/root/Desktop/IMG/right_2018_07_19_18_16_37_072.jpg,0.1132075,0,0,4.234199
/root/Desktop/IMG/center_2018_07_19_18_16_37_140.jpg,/root/Desktop/IMG/left_2018_07_19_18_16_37_140.jpg,/root/Desktop/IMG/right_2018_07_19_18_16_37_140.jpg,0.1132075,0,0,4.20018
/root/Desktop/IMG/center_2018_07_19_18_16_37_208.jpg,/root/Desktop/IMG/left_2018_07_19_18_16_37_208.jpg,/root/Desktop/IMG/right_2018_07_19_18_16_37_208.jpg,0.1132075,0,0,4.174845
/root/Desktop/IMG/center_2018_07_19_18_16_37_276.jpg,/root/Desktop/IMG/left_2018_07_19_18_16_37_276.jpg,/root/Desktop/IMG/right_2018_07_19_18_16_37_276.jpg,0.08490566,0,0,4.14984
/root/Desktop/IMG/center_2018_07_19_18_16_37_344.jpg,/root/Desktop/IMG/left_2018_07_19_18_16_37_344.jpg,/root/Desktop/IMG/right_2018_07_19_18_16_37_344.jpg,-0.03773585,0,0,4.114702
/root/Desktop/IMG/center_2018_07_19_18_16_37_418.jpg,/root/Desktop/IMG/left_2018_07_19_18_16_37_418.jpg,/root/Desktop/IMG/right_2018_07_19_18_16_37_418.jpg,-0.03773585,0,0,4.089627
/root/Desktop/IMG/center_2018_07_19_18_16_37_489.jpg,/root/Desktop/IMG/left_2018_07_19_18_16_37_489.jpg,/root/Desktop/IMG/right_2018_07_19_18_16_37_489.jpg,-0.03773585,0,0,4.056717
/root/Desktop/IMG/center_2018_07_19_18_16_37_562.jpg,/root/Desktop/IMG/left_2018_07_19_18_16_37_562.jpg,/root/Desktop/IMG/right_2018_07_19_18_16_37_562.jpg,-0.03773585,0,0,4.024113
/root/Desktop/IMG/center_2018_07_19_18_16_37_631.jpg,/root/Desktop/IMG/left_2018_07_19_18_16_37_631.jpg,/root/Desktop/IMG/right_2018_07_19_18_16_37_631.jpg,-0.03773585,0,0,3.999836
/root/Desktop/IMG/center_2018_07_19_18_16_37_702.jpg,/root/Desktop/IMG/left_2018_07_19_18_16_37_702.jpg,/root/Desktop/IMG/right_2018_07_19_18_16_37_702.jpg,-0.03773585,0,0,3.967695
/root/Desktop/IMG/center_2018_07_19_18_16_37_777.jpg,/root/Desktop/IMG/left_2018_07_19_18_16_37_777.jpg,/root/Desktop/IMG/right_2018_07_19_18_16_37_777.jpg,-0.03773585,0,0,3.94376
/root/Desktop/IMG/center_2018_07_19_18_16_37_847.jpg,/root/Desktop/IMG/left_2018_07_19_18_16_37_847.jpg,/root/Desktop/IMG/right_2018_07_19_18_16_37_847.jpg,-0.03773585,0,0,3.912069
/root/Desktop/IMG/center_2018_07_19_18_16_37_917.jpg,/root/Desktop/IMG/left_2018_07_19_18_16_37_917.jpg,/root/Desktop/IMG/right_2018_07_19_18_16_37_917.jpg,-0.03773585,0,0,3.88847
/root/Desktop/IMG/center_2018_07_19_18_16_37_990.jpg,/root/Desktop/IMG/left_2018_07_19_18_16_37_990.jpg,/root/Desktop/IMG/right_2018_07_19_18_16_37_990.jpg,-0.03773585,0,0,3.857225
/root/Desktop/IMG/center_2018_07_19_18_16_38_060.jpg,/root/Desktop/IMG/left_2018_07_19_18_16_38_060.jpg,/root/Desktop/IMG/right_2018_07_19_18_16_38_060.jpg,-0.03773585,0,0,3.82623
/root/Desktop/IMG/center_2018_07_19_18_16_38_128.jpg,/root/Desktop/IMG/left_2018_07_19_18_16_38_128.jpg,/root/Desktop/IMG/right_2018_07_19_18_16_38_128.jpg,-0.03773585,0,0,3.803148
/root/Desktop/IMG/center_2018_07_19_18_16_38_203.jpg,/root/Desktop/IMG/left_2018_07_19_18_16_38_203.jpg,/root/Desktop/IMG/right_2018_07_19_18_16_38_203.jpg,-0.03773585,0,0,3.772588
/root/Desktop/IMG/center_2018_07_19_18_16_38_272.jpg,/root/Desktop/IMG/left_2018_07_19_18_16_38_272.jpg,/root/Desktop/IMG/right_2018_07_19_18_16_38_272.jpg,-0.03773585,0,0,3.749829
/root/Desktop/IMG/center_2018_07_19_18_16_38_348.jpg,/root/Desktop/IMG/left_2018_07_19_18_16_38_348.jpg,/root/Desktop/IMG/right_2018_07_19_18_16_38_348.jpg,-0.03773585,0,0,3.719698
/root/Desktop/IMG/center_2018_07_19_18_16_38_416.jpg,/root/Desktop/IMG/left_2018_07_19_18_16_38_416.jpg,/root/Desktop/IMG/right_2018_07_19_18_16_38_416.jpg,-0.03773585,0,0,3.697259
/root/Desktop/IMG/center_2018_07_19_18_16_38_493.jpg,/root/Desktop/IMG/left_2018_07_19_18_16_38_493.jpg,/root/Desktop/IMG/right_2018_07_19_18_16_38_493.jpg,-0.03773585,0,0,3.66755
/root/Desktop/IMG/center_2018_07_19_18_16_38_564.jpg,/root/Desktop/IMG/left_2018_07_19_18_16_38_564.jpg,/root/Desktop/IMG/right_2018_07_19_18_16_38_564.jpg,-0.03773585,0,0,3.63808
/root/Desktop/IMG/center_2018_07_19_18_16_38_631.jpg,/root/Desktop/IMG/left_2018_07_19_18_16_38_631.jpg,/root/Desktop/IMG/right_2018_07_19_18_16_38_631.jpg,-0.03773585,0,0,3.616133
/root/Desktop/IMG/center_2018_07_19_18_16_38_707.jpg,/root/Desktop/IMG/left_2018_07_19_18_16_38_707.jpg,/root/Desktop/IMG/right_2018_07_19_18_16_38_707.jpg,-0.03773585,0,0,3.587078
/root/Desktop/IMG/center_2018_07_19_18_16_38_778.jpg,/root/Desktop/IMG/left_2018_07_19_18_16_38_778.jpg,/root/Desktop/IMG/right_2018_07_19_18_16_38_778.jpg,-0.03773585,0,0,3.565438
/root/Desktop/IMG/center_2018_07_19_18_16_38_852.jpg,/root/Desktop/IMG/left_2018_07_19_18_16_38_852.jpg,/root/Desktop/IMG/right_2018_07_19_18_16_38_852.jpg,-0.03773585,0,0,3.53679
/root/Desktop/IMG/center_2018_07_19_18_16_38_923.jpg,/root/Desktop/IMG/left_2018_07_19_18_16_38_923.jpg,/root/Desktop/IMG/right_2018_07_19_18_16_38_923.jpg,-0.03773585,0,0,3.50837
/root/Desktop/IMG/center_2018_07_19_18_16_38_990.jpg,/root/Desktop/IMG/left_2018_07_19_18_16_38_990.jpg,/root/Desktop/IMG/right_2018_07_19_18_16_38_990.jpg,-0.03773585,0,0,3.487207
/root/Desktop/IMG/center_2018_07_19_18_16_39_059.jpg,/root/Desktop/IMG/left_2018_07_19_18_16_39_059.jpg,/root/Desktop/IMG/right_2018_07_19_18_16_39_059.jpg,-0.03773585,0,0,3.466172
/root/Desktop/IMG/center_2018_07_19_18_16_39_129.jpg,/root/Desktop/IMG/left_2018_07_19_18_16_39_129.jpg,/root/Desktop/IMG/right_2018_07_19_18_16_39_129.jpg,-0.03773585,0,0,3.438321
/root/Desktop/IMG/center_2018_07_19_18_16_39_197.jpg,/root/Desktop/IMG/left_2018_07_19_18_16_39_197.jpg,/root/Desktop/IMG/right_2018_07_19_18_16_39_197.jpg,-0.03773585,0,0,3.41758
/root/Desktop/IMG/center_2018_07_19_18_16_39_266.jpg,/root/Desktop/IMG/left_2018_07_19_18_16_39_266.jpg,/root/Desktop/IMG/right_2018_07_19_18_16_39_266.jpg,-0.03773585,0,0,3.39012
/root/Desktop/IMG/center_2018_07_19_18_16_39_340.jpg,/root/Desktop/IMG/left_2018_07_19_18_16_39_340.jpg,/root/Desktop/IMG/right_2018_07_19_18_16_39_340.jpg,-0.03773585,0,0,3.362881
/root/Desktop/IMG/center_2018_07_19_18_16_39_414.jpg,/root/Desktop/IMG/left_2018_07_19_18_16_39_414.jpg,/root/Desktop/IMG/right_2018_07_19_18_16_39_414.jpg,-0.03773585,0,0,3.342595
/root/Desktop/IMG/center_2018_07_19_18_16_39_482.jpg,/root/Desktop/IMG/left_2018_07_19_18_16_39_482.jpg,/root/Desktop/IMG/right_2018_07_19_18_16_39_482.jpg,-0.03773585,0,0,3.315738
/root/Desktop/IMG/center_2018_07_19_18_16_39_556.jpg,/root/Desktop/IMG/left_2018_07_19_18_16_39_556.jpg,/root/Desktop/IMG/right_2018_07_19_18_16_39_556.jpg,-0.03773585,0,0,3.295737
/root/Desktop/IMG/center_2018_07_19_18_16_39_623.jpg,/root/Desktop/IMG/left_2018_07_19_18_16_39_623.jpg,/root/Desktop/IMG/right_2018_07_19_18_16_39_623.jpg,-0.03773585,0,0,3.269256
/root/Desktop/IMG/center_2018_07_19_18_16_39_690.jpg,/root/Desktop/IMG/left_2018_07_19_18_16_39_690.jpg,/root/Desktop/IMG/right_2018_07_19_18_16_39_690.jpg,-0.03773585,0,0,3.249535
/root/Desktop/IMG/center_2018_07_19_18_16_39_759.jpg,/root/Desktop/IMG/left_2018_07_19_18_16_39_759.jpg,/root/Desktop/IMG/right_2018_07_19_18_16_39_759.jpg,-0.03773585,0,0,3.229933
/root/Desktop/IMG/center_2018_07_19_18_16_39_826.jpg,/root/Desktop/IMG/left_2018_07_19_18_16_39_826.jpg,/root/Desktop/IMG/right_2018_07_19_18_16_39_826.jpg,-0.03773585,0,0,3.203981
/root/Desktop/IMG/center_2018_07_19_18_16_39_901.jpg,/root/Desktop/IMG/left_2018_07_19_18_16_39_901.jpg,/root/Desktop/IMG/right_2018_07_19_18_16_39_901.jpg,-0.03773585,0.1636226,0,3.244144
/root/Desktop/IMG/center_2018_07_19_18_16_39_976.jpg,/root/Desktop/IMG/left_2018_07_19_18_16_39_976.jpg,/root/Desktop/IMG/right_2018_07_19_18_16_39_976.jpg,-0.03773585,0.3598831,0,3.44553
/root/Desktop/IMG/center_2018_07_19_18_16_40_049.jpg,/root/Desktop/IMG/left_2018_07_19_18_16_40_049.jpg,/root/Desktop/IMG/right_2018_07_19_18_16_40_049.jpg,-0.03773585,0.5823927,0,3.895529
/root/Desktop/IMG/center_2018_07_19_18_16_40_117.jpg,/root/Desktop/IMG/left_2018_07_19_18_16_40_117.jpg,/root/Desktop/IMG/right_2018_07_19_18_16_40_117.jpg,-0.03773585,0.7799907,0,4.38161
/root/Desktop/IMG/center_2018_07_19_18_16_40_189.jpg,/root/Desktop/IMG/left_2018_07_19_18_16_40_189.jpg,/root/Desktop/IMG/right_2018_07_19_18_16_40_189.jpg,-0.03773585,1,0,5.225218
/root/Desktop/IMG/center_2018_07_19_18_16_40_262.jpg,/root/Desktop/IMG/left_2018_07_19_18_16_40_262.jpg,/root/Desktop/IMG/right_2018_07_19_18_16_40_262.jpg,-0.03773585,1,0,6.149111
/root/Desktop/IMG/center_2018_07_19_18_16_40_330.jpg,/root/Desktop/IMG/left_2018_07_19_18_16_40_330.jpg,/root/Desktop/IMG/right_2018_07_19_18_16_40_330.jpg,-0.03773585,1,0,6.837392
/root/Desktop/IMG/center_2018_07_19_18_16_40_398.jpg,/root/Desktop/IMG/left_2018_07_19_18_16_40_398.jpg,/root/Desktop/IMG/right_2018_07_19_18_16_40_398.jpg,-0.03773585,1,0,7.521656
/root/Desktop/IMG/center_2018_07_19_18_16_40_472.jpg,/root/Desktop/IMG/left_2018_07_19_18_16_40_472.jpg,/root/Desktop/IMG/right_2018_07_19_18_16_40_472.jpg,-0.03773585,1,0,8.427798
/root/Desktop/IMG/center_2018_07_19_18_16_40_545.jpg,/root/Desktop/IMG/left_2018_07_19_18_16_40_545.jpg,/root/Desktop/IMG/right_2018_07_19_18_16_40_545.jpg,-0.03773585,1,0,9.326866
/root/Desktop/IMG/center_2018_07_19_18_16_40_615.jpg,/root/Desktop/IMG/left_2018_07_19_18_16_40_615.jpg,/root/Desktop/IMG/right_2018_07_19_18_16_40_615.jpg,-0.03773585,1,0,9.996534
/root/Desktop/IMG/center_2018_07_19_18_16_40_685.jpg,/root/Desktop/IMG/left_2018_07_19_18_16_40_685.jpg,/root/Desktop/IMG/right_2018_07_19_18_16_40_685.jpg,-0.03773585,1,0,10.88325
/root/Desktop/IMG/center_2018_07_19_18_16_40_754.jpg,/root/Desktop/IMG/left_2018_07_19_18_16_40_754.jpg,/root/Desktop/IMG/right_2018_07_19_18_16_40_754.jpg,-0.03773585,1,0,11.6423
/root/Desktop/IMG/center_2018_07_19_18_16_40_825.jpg,/root/Desktop/IMG/left_2018_07_19_18_16_40_825.jpg,/root/Desktop/IMG/right_2018_07_19_18_16_40_825.jpg,-0.03773585,1,0,12.45582
/root/Desktop/IMG/center_2018_07_19_18_16_40_892.jpg,/root/Desktop/IMG/left_2018_07_19_18_16_40_892.jpg,/root/Desktop/IMG/right_2018_07_19_18_16_40_892.jpg,-0.03773585,1,0,13.09152
/root/Desktop/IMG/center_2018_07_19_18_16_40_964.jpg,/root/Desktop/IMG/left_2018_07_19_18_16_40_964.jpg,/root/Desktop/IMG/right_2018_07_19_18_16_40_964.jpg,-0.03773585,1,0,13.90061
/root/Desktop/IMG/center_2018_07_19_18_16_41_031.jpg,/root/Desktop/IMG/left_2018_07_19_18_16_41_031.jpg,/root/Desktop/IMG/right_2018_07_19_18_16_41_031.jpg,-0.03773585,1,0,14.63847
/root/Desktop/IMG/center_2018_07_19_18_16_41_103.jpg,/root/Desktop/IMG/left_2018_07_19_18_16_41_103.jpg,/root/Desktop/IMG/right_2018_07_19_18_16_41_103.jpg,-0.03773585,1,0,15.44316
/root/Desktop/IMG/center_2018_07_19_18_16_41_179.jpg,/root/Desktop/IMG/left_2018_07_19_18_16_41_179.jpg,/root/Desktop/IMG/right_2018_07_19_18_16_41_179.jpg,-0.03773585,1,0,16.01386
/root/Desktop/IMG/center_2018_07_19_18_16_41_256.jpg,/root/Desktop/IMG/left_2018_07_19_18_16_41_256.jpg,/root/Desktop/IMG/right_2018_07_19_18_16_41_256.jpg,-0.03773585,1,0,16.8719
/root/Desktop/IMG/center_2018_07_19_18_16_41_326.jpg,/root/Desktop/IMG/left_2018_07_19_18_16_41_326.jpg,/root/Desktop/IMG/right_2018_07_19_18_16_41_326.jpg,-0.0754717,1,0,17.71835
/root/Desktop/IMG/center_2018_07_19_18_16_41_394.jpg,/root/Desktop/IMG/left_2018_07_19_18_16_41_394.jpg,/root/Desktop/IMG/right_2018_07_19_18_16_41_394.jpg,-0.1037736,1,0,18.35272
/root/Desktop/IMG/center_2018_07_19_18_16_41_463.jpg,/root/Desktop/IMG/left_2018_07_19_18_16_41_463.jpg,/root/Desktop/IMG/right_2018_07_19_18_16_41_463.jpg,-0.1037736,1,0,19.17056
/root/Desktop/IMG/center_2018_07_19_18_16_41_534.jpg,/root/Desktop/IMG/left_2018_07_19_18_16_41_534.jpg,/root/Desktop/IMG/right_2018_07_19_18_16_41_534.jpg,-0.1037736,1,0,19.77649
/root/Desktop/IMG/center_2018_07_19_18_16_41_606.jpg,/root/Desktop/IMG/left_2018_07_19_18_16_41_606.jpg,/root/Desktop/IMG/right_2018_07_19_18_16_41_606.jpg,-0.1037736,1,0,20.58506
/root/Desktop/IMG/center_2018_07_19_18_16_41_681.jpg,/root/Desktop/IMG/left_2018_07_19_18_16_41_681.jpg,/root/Desktop/IMG/right_2018_07_19_18_16_41_681.jpg,-0.1037736,1,0,21.3871
/root/Desktop/IMG/center_2018_07_19_18_16_41_749.jpg,/root/Desktop/IMG/left_2018_07_19_18_16_41_749.jpg,/root/Desktop/IMG/right_2018_07_19_18_16_41_749.jpg,-0.1037736,1,0,21.99275
/root/Desktop/IMG/center_2018_07_19_18_16_41_818.jpg,/root/Desktop/IMG/left_2018_07_19_18_16_41_818.jpg,/root/Desktop/IMG/right_2018_07_19_18_16_41_818.jpg,-0.1226415,1,0,22.57821
/root/Desktop/IMG/center_2018_07_19_18_16_41_893.jpg,/root/Desktop/IMG/left_2018_07_19_18_16_41_893.jpg,/root/Desktop/IMG/right_2018_07_19_18_16_41_893.jpg,-0.1415094,1,0,23.36206
/root/Desktop/IMG/center_2018_07_19_18_16_41_966.jpg,/root/Desktop/IMG/left_2018_07_19_18_16_41_966.jpg,/root/Desktop/IMG/right_2018_07_19_18_16_41_966.jpg,-0.1509434,1,0,24.13873
/root/Desktop/IMG/center_2018_07_19_18_16_42_042.jpg,/root/Desktop/IMG/left_2018_07_19_18_16_42_042.jpg,/root/Desktop/IMG/right_2018_07_19_18_16_42_042.jpg,-0.1698113,1,0,24.9068
/root/Desktop/IMG/center_2018_07_19_18_16_42_110.jpg,/root/Desktop/IMG/left_2018_07_19_18_16_42_110.jpg,/root/Desktop/IMG/right_2018_07_19_18_16_42_110.jpg,-0.1698113,1,0,25.48008
/root/Desktop/IMG/center_2018_07_19_18_16_42_182.jpg,/root/Desktop/IMG/left_2018_07_19_18_16_42_182.jpg,/root/Desktop/IMG/right_2018_07_19_18_16_42_182.jpg,-0.1698113,1,0,26.23924
/root/Desktop/IMG/center_2018_07_19_18_16_42_258.jpg,/root/Desktop/IMG/left_2018_07_19_18_16_42_258.jpg,/root/Desktop/IMG/right_2018_07_19_18_16_42_258.jpg,-0.1698113,1,0,26.80515
/root/Desktop/IMG/center_2018_07_19_18_16_42_326.jpg,/root/Desktop/IMG/left_2018_07_19_18_16_42_326.jpg,/root/Desktop/IMG/right_2018_07_19_18_16_42_326.jpg,-0.1698113,1,0,27.55418
/root/Desktop/IMG/center_2018_07_19_18_16_42_402.jpg,/root/Desktop/IMG/left_2018_07_19_18_16_42_402.jpg,/root/Desktop/IMG/right_2018_07_19_18_16_42_402.jpg,-0.1698113,1,0,28.29746
/root/Desktop/IMG/center_2018_07_19_18_16_42_472.jpg,/root/Desktop/IMG/left_2018_07_19_18_16_42_472.jpg,/root/Desktop/IMG/right_2018_07_19_18_16_42_472.jpg,-0.1698113,1,0,28.85098
/root/Desktop/IMG/center_2018_07_19_18_16_42_549.jpg,/root/Desktop/IMG/left_2018_07_19_18_16_42_549.jpg,/root/Desktop/IMG/right_2018_07_19_18_16_42_549.jpg,-0.1698113,1,0,29.5837
/root/Desktop/IMG/center_2018_07_19_18_16_42_616.jpg,/root/Desktop/IMG/left_2018_07_19_18_16_42_616.jpg,/root/Desktop/IMG/right_2018_07_19_18_16_42_616.jpg,-0.1698113,1,0,30.12926
/root/Desktop/IMG/center_2018_07_19_18_16_42_693.jpg,/root/Desktop/IMG/left_2018_07_19_18_16_42_693.jpg,/root/Desktop/IMG/right_2018_07_19_18_16_42_693.jpg,-0.1698113,1,0,30.18966
/root/Desktop/IMG/center_2018_07_19_18_16_42_767.jpg,/root/Desktop/IMG/left_2018_07_19_18_16_42_767.jpg,/root/Desktop/IMG/right_2018_07_19_18_16_42_767.jpg,-0.1698113,1,0,30.18965
/root/Desktop/IMG/center_2018_07_19_18_16_42_834.jpg,/root/Desktop/IMG/left_2018_07_19_18_16_42_834.jpg,/root/Desktop/IMG/right_2018_07_19_18_16_42_834.jpg,-0.1698113,1,0,30.18966
/root/Desktop/IMG/center_2018_07_19_18_16_42_901.jpg,/root/Desktop/IMG/left_2018_07_19_18_16_42_901.jpg,/root/Desktop/IMG/right_2018_07_19_18_16_42_901.jpg,-0.1698113,1,0,30.18964
/root/Desktop/IMG/center_2018_07_19_18_16_42_979.jpg,/root/Desktop/IMG/left_2018_07_19_18_16_42_979.jpg,/root/Desktop/IMG/right_2018_07_19_18_16_42_979.jpg,-0.1698113,1,0,30.18974
/root/Desktop/IMG/center_2018_07_19_18_16_43_051.jpg,/root/Desktop/IMG/left_2018_07_19_18_16_43_051.jpg,/root/Desktop/IMG/right_2018_07_19_18_16_43_051.jpg,-0.1698113,1,0,30.1898
/root/Desktop/IMG/center_2018_07_19_18_16_43_126.jpg,/root/Desktop/IMG/left_2018_07_19_18_16_43_126.jpg,/root/Desktop/IMG/right_2018_07_19_18_16_43_126.jpg,-0.1603774,1,0,30.19011
/root/Desktop/IMG/center_2018_07_19_18_16_43_195.jpg,/root/Desktop/IMG/left_2018_07_19_18_16_43_195.jpg,/root/Desktop/IMG/right_2018_07_19_18_16_43_195.jpg,-0.08490566,1,0,30.19174
/root/Desktop/IMG/center_2018_07_19_18_16_43_270.jpg,/root/Desktop/IMG/left_2018_07_19_18_16_43_270.jpg,/root/Desktop/IMG/right_2018_07_19_18_16_43_270.jpg,-0.03773585,0.837652,0,30.15143
/root/Desktop/IMG/center_2018_07_19_18_16_43_345.jpg,/root/Desktop/IMG/left_2018_07_19_18_16_43_345.jpg,/root/Desktop/IMG/right_2018_07_19_18_16_43_345.jpg,0.009433962,0.5812035,0,30.09367
/root/Desktop/IMG/center_2018_07_19_18_16_43_412.jpg,/root/Desktop/IMG/left_2018_07_19_18_16_43_412.jpg,/root/Desktop/IMG/right_2018_07_19_18_16_43_412.jpg,0.04716982,0.4129059,0,30.04293
/root/Desktop/IMG/center_2018_07_19_18_16_43_485.jpg,/root/Desktop/IMG/left_2018_07_19_18_16_43_485.jpg,/root/Desktop/IMG/right_2018_07_19_18_16_43_485.jpg,0.08490566,0.1614821,0,29.98629
/root/Desktop/IMG/center_2018_07_19_18_16_43_560.jpg,/root/Desktop/IMG/left_2018_07_19_18_16_43_560.jpg,/root/Desktop/IMG/right_2018_07_19_18_16_43_560.jpg,0.1132075,0,0,29.79659
/root/Desktop/IMG/center_2018_07_19_18_16_43_630.jpg,/root/Desktop/IMG/left_2018_07_19_18_16_43_630.jpg,/root/Desktop/IMG/right_2018_07_19_18_16_43_630.jpg,0.1226415,0,0,29.60943
/root/Desktop/IMG/center_2018_07_19_18_16_43_698.jpg,/root/Desktop/IMG/left_2018_07_19_18_16_43_698.jpg,/root/Desktop/IMG/right_2018_07_19_18_16_43_698.jpg,0.1226415,0,0,29.42479
/root/Desktop/IMG/center_2018_07_19_18_16_43_768.jpg,/root/Desktop/IMG/left_2018_07_19_18_16_43_768.jpg,/root/Desktop/IMG/right_2018_07_19_18_16_43_768.jpg,0.3301887,0,0,29.16253
/root/Desktop/IMG/center_2018_07_19_18_16_43_843.jpg,/root/Desktop/IMG/left_2018_07_19_18_16_43_843.jpg,/root/Desktop/IMG/right_2018_07_19_18_16_43_843.jpg,0.4905661,0,0,28.78397
/root/Desktop/IMG/center_2018_07_19_18_16_43_913.jpg,/root/Desktop/IMG/left_2018_07_19_18_16_43_913.jpg,/root/Desktop/IMG/right_2018_07_19_18_16_43_913.jpg,0.4905661,0,0,28.52673
/root/Desktop/IMG/center_2018_07_19_18_16_43_982.jpg,/root/Desktop/IMG/left_2018_07_19_18_16_43_982.jpg,/root/Desktop/IMG/right_2018_07_19_18_16_43_982.jpg,0.4905661,0,0,28.22902
/root/Desktop/IMG/center_2018_07_19_18_16_44_061.jpg,/root/Desktop/IMG/left_2018_07_19_18_16_44_061.jpg,/root/Desktop/IMG/right_2018_07_19_18_16_44_061.jpg,0.4905661,0,0,27.96134
/root/Desktop/IMG/center_2018_07_19_18_16_44_131.jpg,/root/Desktop/IMG/left_2018_07_19_18_16_44_131.jpg,/root/Desktop/IMG/right_2018_07_19_18_16_44_131.jpg,0.4905661,0,0,27.77132
/root/Desktop/IMG/center_2018_07_19_18_16_44_200.jpg,/root/Desktop/IMG/left_2018_07_19_18_16_44_200.jpg,/root/Desktop/IMG/right_2018_07_19_18_16_44_200.jpg,0.4905661,0,0,27.52754
/root/Desktop/IMG/center_2018_07_19_18_16_44_273.jpg,/root/Desktop/IMG/left_2018_07_19_18_16_44_273.jpg,/root/Desktop/IMG/right_2018_07_19_18_16_44_273.jpg,0.4905661,0,0,27.35019
/root/Desktop/IMG/center_2018_07_19_18_16_44_352.jpg,/root/Desktop/IMG/left_2018_07_19_18_16_44_352.jpg,/root/Desktop/IMG/right_2018_07_19_18_16_44_352.jpg,0.4905661,0,0,27.11389
/root/Desktop/IMG/center_2018_07_19_18_16_44_420.jpg,/root/Desktop/IMG/left_2018_07_19_18_16_44_420.jpg,/root/Desktop/IMG/right_2018_07_19_18_16_44_420.jpg,0.4433962,0.1369715,0,26.93428
/root/Desktop/IMG/center_2018_07_19_18_16_44_492.jpg,/root/Desktop/IMG/left_2018_07_19_18_16_44_492.jpg,/root/Desktop/IMG/right_2018_07_19_18_16_44_492.jpg,0.3113208,0.3193953,0,26.95782
/root/Desktop/IMG/center_2018_07_19_18_16_44_559.jpg,/root/Desktop/IMG/left_2018_07_19_18_16_44_559.jpg,/root/Desktop/IMG/right_2018_07_19_18_16_44_559.jpg,0.2641509,0.4989839,0,27.11267
/root/Desktop/IMG/center_2018_07_19_18_16_44_633.jpg,/root/Desktop/IMG/left_2018_07_19_18_16_44_633.jpg,/root/Desktop/IMG/right_2018_07_19_18_16_44_633.jpg,0.2169811,0.7516172,0,27.50658
/root/Desktop/IMG/center_2018_07_19_18_16_44_708.jpg,/root/Desktop/IMG/left_2018_07_19_18_16_44_708.jpg,/root/Desktop/IMG/right_2018_07_19_18_16_44_708.jpg,0.1037736,0.9763563,0,28.11531
/root/Desktop/IMG/center_2018_07_19_18_16_44_782.jpg,/root/Desktop/IMG/left_2018_07_19_18_16_44_782.jpg,/root/Desktop/IMG/right_2018_07_19_18_16_44_782.jpg,0.04716982,1,0,28.85578
/root/Desktop/IMG/center_2018_07_19_18_16_44_860.jpg,/root/Desktop/IMG/left_2018_07_19_18_16_44_860.jpg,/root/Desktop/IMG/right_2018_07_19_18_16_44_860.jpg,-0.245283,1,0,29.49657
/root/Desktop/IMG/center_2018_07_19_18_16_44_930.jpg,/root/Desktop/IMG/left_2018_07_19_18_16_44_930.jpg,/root/Desktop/IMG/right_2018_07_19_18_16_44_930.jpg,-0.2735849,1,0,29.98552
/root/Desktop/IMG/center_2018_07_19_18_16_45_002.jpg,/root/Desktop/IMG/left_2018_07_19_18_16_45_002.jpg,/root/Desktop/IMG/right_2018_07_19_18_16_45_002.jpg,-0.3113208,1,0,28.82705
/root/Desktop/IMG/center_2018_07_19_18_16_45_073.jpg,/root/Desktop/IMG/left_2018_07_19_18_16_45_073.jpg,/root/Desktop/IMG/right_2018_07_19_18_16_45_073.jpg,-0.4056604,1,0,28.67418
/root/Desktop/IMG/center_2018_07_19_18_16_45_148.jpg,/root/Desktop/IMG/left_2018_07_19_18_16_45_148.jpg,/root/Desktop/IMG/right_2018_07_19_18_16_45_148.jpg,-0.5754717,1,0,28.62605
/root/Desktop/IMG/center_2018_07_19_18_16_45_224.jpg,/root/Desktop/IMG/left_2018_07_19_18_16_45_224.jpg,/root/Desktop/IMG/right_2018_07_19_18_16_45_224.jpg,-0.6415094,1,0,28.38718
/root/Desktop/IMG/center_2018_07_19_18_16_45_293.jpg,/root/Desktop/IMG/left_2018_07_19_18_16_45_293.jpg,/root/Desktop/IMG/right_2018_07_19_18_16_45_293.jpg,-0.6886792,1,0,28.65518
/root/Desktop/IMG/center_2018_07_19_18_16_45_368.jpg,/root/Desktop/IMG/left_2018_07_19_18_16_45_368.jpg,/root/Desktop/IMG/right_2018_07_19_18_16_45_368.jpg,-0.7264151,1,0,28.95732
/root/Desktop/IMG/center_2018_07_19_18_16_45_434.jpg,/root/Desktop/IMG/left_2018_07_19_18_16_45_434.jpg,/root/Desktop/IMG/right_2018_07_19_18_16_45_434.jpg,-0.7547171,1,0,28.95399
/root/Desktop/IMG/center_2018_07_19_18_16_45_502.jpg,/root/Desktop/IMG/left_2018_07_19_18_16_45_502.jpg,/root/Desktop/IMG/right_2018_07_19_18_16_45_502.jpg,-0.8018868,1,0,29.0315
/root/Desktop/IMG/center_2018_07_19_18_16_45_569.jpg,/root/Desktop/IMG/left_2018_07_19_18_16_45_569.jpg,/root/Desktop/IMG/right_2018_07_19_18_16_45_569.jpg,-0.8301887,1,0,29.35263
/root/Desktop/IMG/center_2018_07_19_18_16_45_644.jpg,/root/Desktop/IMG/left_2018_07_19_18_16_45_644.jpg,/root/Desktop/IMG/right_2018_07_19_18_16_45_644.jpg,-0.8301887,1,0,29.73144
/root/Desktop/IMG/center_2018_07_19_18_16_45_713.jpg,/root/Desktop/IMG/left_2018_07_19_18_16_45_713.jpg,/root/Desktop/IMG/right_2018_07_19_18_16_45_713.jpg,-0.8301887,1,0,30.17923
/root/Desktop/IMG/center_2018_07_19_18_16_45_783.jpg,/root/Desktop/IMG/left_2018_07_19_18_16_45_783.jpg,/root/Desktop/IMG/right_2018_07_19_18_16_45_783.jpg,-0.8301887,1,0,30.23724
/root/Desktop/IMG/center_2018_07_19_18_16_45_856.jpg,/root/Desktop/IMG/left_2018_07_19_18_16_45_856.jpg,/root/Desktop/IMG/right_2018_07_19_18_16_45_856.jpg,-0.8301887,1,0,30.22982
/root/Desktop/IMG/center_2018_07_19_18_16_45_931.jpg,/root/Desktop/IMG/left_2018_07_19_18_16_45_931.jpg,/root/Desktop/IMG/right_2018_07_19_18_16_45_931.jpg,-0.8301887,1,0,30.22063
/root/Desktop/IMG/center_2018_07_19_18_16_46_007.jpg,/root/Desktop/IMG/left_2018_07_19_18_16_46_007.jpg,/root/Desktop/IMG/right_2018_07_19_18_16_46_007.jpg,-0.8301887,1,0,30.17354
/root/Desktop/IMG/center_2018_07_19_18_16_46_077.jpg,/root/Desktop/IMG/left_2018_07_19_18_16_46_077.jpg,/root/Desktop/IMG/right_2018_07_19_18_16_46_077.jpg,-0.8301887,1,0,30.16769
/root/Desktop/IMG/center_2018_07_19_18_16_46_151.jpg,/root/Desktop/IMG/left_2018_07_19_18_16_46_151.jpg,/root/Desktop/IMG/right_2018_07_19_18_16_46_151.jpg,0,0.8635385,0,11.0462
/root/Desktop/IMG/center_2018_07_19_18_16_46_224.jpg,/root/Desktop/IMG/left_2018_07_19_18_16_46_224.jpg,/root/Desktop/IMG/right_2018_07_19_18_16_46_224.jpg,0,0.6165006,0,9.667596
/root/Desktop/IMG/center_2018_07_19_18_16_46_297.jpg,/root/Desktop/IMG/left_2018_07_19_18_16_46_297.jpg,/root/Desktop/IMG/right_2018_07_19_18_16_46_297.jpg,0,0.4495928,0,8.632554
/root/Desktop/IMG/center_2018_07_19_18_16_46_372.jpg,/root/Desktop/IMG/left_2018_07_19_18_16_46_372.jpg,/root/Desktop/IMG/right_2018_07_19_18_16_46_372.jpg,0,0.2032294,0,7.680431
/root/Desktop/IMG/center_2018_07_19_18_16_46_450.jpg,/root/Desktop/IMG/left_2018_07_19_18_16_46_450.jpg,/root/Desktop/IMG/right_2018_07_19_18_16_46_450.jpg,0,0,0,5.969832
/root/Desktop/IMG/center_2018_07_19_18_16_46_524.jpg,/root/Desktop/IMG/left_2018_07_19_18_16_46_524.jpg,/root/Desktop/IMG/right_2018_07_19_18_16_46_524.jpg,0,0,0,4.526766
/root/Desktop/IMG/center_2018_07_19_18_16_46_591.jpg,/root/Desktop/IMG/left_2018_07_19_18_16_46_591.jpg,/root/Desktop/IMG/right_2018_07_19_18_16_46_591.jpg,0,0,0,3.550678
/root/Desktop/IMG/center_2018_07_19_18_16_46_659.jpg,/root/Desktop/IMG/left_2018_07_19_18_16_46_659.jpg,/root/Desktop/IMG/right_2018_07_19_18_16_46_659.jpg,0,0,0,3.05144
/root/Desktop/IMG/center_2018_07_19_18_16_46_727.jpg,/root/Desktop/IMG/left_2018_07_19_18_16_46_727.jpg,/root/Desktop/IMG/right_2018_07_19_18_16_46_727.jpg,0,0,0,2.427444
/root/Desktop/IMG/center_2018_07_19_18_16_46_794.jpg,/root/Desktop/IMG/left_2018_07_19_18_16_46_794.jpg,/root/Desktop/IMG/right_2018_07_19_18_16_46_794.jpg,0,0,0,1.859433
/root/Desktop/IMG/center_2018_07_19_18_16_46_869.jpg,/root/Desktop/IMG/left_2018_07_19_18_16_46_869.jpg,/root/Desktop/IMG/right_2018_07_19_18_16_46_869.jpg,0,0,0,0.8399562
/root/Desktop/IMG/center_2018_07_19_18_16_46_943.jpg,/root/Desktop/IMG/left_2018_07_19_18_16_46_943.jpg,/root/Desktop/IMG/right_2018_07_19_18_16_46_943.jpg,0,0,0,0.07675695
/root/Desktop/IMG/center_2018_07_19_18_16_47_015.jpg,/root/Desktop/IMG/left_2018_07_19_18_16_47_015.jpg,/root/Desktop/IMG/right_2018_07_19_18_16_47_015.jpg,0,0,0,0.1468228
/root/Desktop/IMG/center_2018_07_19_18_16_47_083.jpg,/root/Desktop/IMG/left_2018_07_19_18_16_47_083.jpg,/root/Desktop/IMG/right_2018_07_19_18_16_47_083.jpg,0,0,0,0.2483076
/root/Desktop/IMG/center_2018_07_19_18_16_47_157.jpg,/root/Desktop/IMG/left_2018_07_19_18_16_47_157.jpg,/root/Desktop/IMG/right_2018_07_19_18_16_47_157.jpg,0,0,0,0.328969
/root/Desktop/IMG/center_2018_07_19_18_16_47_231.jpg,/root/Desktop/IMG/left_2018_07_19_18_16_47_231.jpg,/root/Desktop/IMG/right_2018_07_19_18_16_47_231.jpg,0,0,0,0.4224905
/root/Desktop/IMG/center_2018_07_19_18_16_47_301.jpg,/root/Desktop/IMG/left_2018_07_19_18_16_47_301.jpg,/root/Desktop/IMG/right_2018_07_19_18_16_47_301.jpg,0,0,0,0.4968428
/root/Desktop/IMG/center_2018_07_19_18_16_47_374.jpg,/root/Desktop/IMG/left_2018_07_19_18_16_47_374.jpg,/root/Desktop/IMG/right_2018_07_19_18_16_47_374.jpg,0,0,0,0.5404106
/root/Desktop/IMG/center_2018_07_19_18_16_47_442.jpg,/root/Desktop/IMG/left_2018_07_19_18_16_47_442.jpg,/root/Desktop/IMG/right_2018_07_19_18_16_47_442.jpg,0,0,0,0.5794336
/root/Desktop/IMG/center_2018_07_19_18_16_47_537.jpg,/root/Desktop/IMG/left_2018_07_19_18_16_47_537.jpg,/root/Desktop/IMG/right_2018_07_19_18_16_47_537.jpg,0,0,0,0.5508699
